canonical_name,domain,careers_url,ats_type,ats_identifier_or_base_url,sponsorship_confidence,sponsorship_recent_year,evidence_summary,evidence_urls,matched_dol_employer_names,role_fit_tags,caveats
Amazon,amazon.com,https://www.amazon.jobs/en/search,custom,https://www.amazon.jobs/en/search.json,high,FY2026 Q1 (2025-10-01 through 2025-12-31 decisions),"DOL FY2026 Q1: 3235 Certified H-1B LCA case(s); 2158 had software/engineering/platform/security/data/cloud-related titles. Certified cases reported 1804 change-employer position(s), 823 new-employment position(s), and 7375 continued-employment position(s); latest decision 2025-12-30.",https://www.dol.gov/sites/dolgov/files/ETA/oflc/pdfs/LCA_Disclosure_Data_FY2026_Q1.xlsx; https://www.dol.gov/agencies/eta/foreign-labor/performance,"AMAZON DATA SERVICES, INC.; AMAZON DEVELOPMENT CENTER U.S., INC.; AMAZON WEB SERVICES, INC.; AMAZON.COM SERVICES LLC; Amazon Data Services, Inc; Amazon Data Services, Inc.; Amazon Development Center U.S., Inc.; Amazon Web Services, Inc.; Amazon.com Services LLC",backend;distributed-systems;platform;infrastructure;cloud;security;SRE,Employer-level recent LCA evidence does not guarantee sponsorship or transfer support for every requisition; confirm in the posting or recruiter screen.
Google,google.com,https://www.google.com/about/careers/applications/jobs/results,custom,,high,FY2026 Q1 (2025-10-01 through 2025-12-31 decisions),"DOL FY2026 Q1: 770 Certified H-1B LCA case(s); 579 had software/engineering/platform/security/data/cloud-related titles. Certified cases reported 290 change-employer position(s), 23 new-employment position(s), and 376 continued-employment position(s); latest decision 2025-12-30.",https://www.dol.gov/sites/dolgov/files/ETA/oflc/pdfs/LCA_Disclosure_Data_FY2026_Q1.xlsx; https://www.dol.gov/agencies/eta/foreign-labor/performance,Google LLC,backend;distributed-systems;platform;infrastructure;cloud;security;SRE,Employer-level recent LCA evidence does not guarantee sponsorship or transfer support for every requisition; confirm in the posting or recruiter screen.
Microsoft,microsoft.com,https://apply.careers.microsoft.com/careers,custom,https://apply.careers.microsoft.com/careers,high,FY2026 Q1 (2025-10-01 through 2025-12-31 decisions),"DOL FY2026 Q1: 1317 Certified H-1B LCA case(s); 1017 had software/engineering/platform/security/data/cloud-related titles. Certified cases reported 343 change-employer position(s), 104 new-employment position(s), and 698 continued-employment position(s); latest decision 2025-12-30.",https://www.dol.gov/sites/dolgov/files/ETA/oflc/pdfs/LCA_Disclosure_Data_FY2026_Q1.xlsx; https://www.dol.gov/agencies/eta/foreign-labor/performance,Microsoft Corporation,backend;distributed-systems;platform;infrastructure;cloud;security;SRE,Employer-level recent LCA evidence does not guarantee sponsorship or transfer support for every requisition; confirm in the posting or recruiter screen.
Meta,meta.com,https://www.metacareers.com/jobsearch/,custom,,high,FY2026 Q1 (2025-10-01 through 2025-12-31 decisions),"DOL FY2026 Q1: 810 Certified H-1B LCA case(s); 692 had software/engineering/platform/security/data/cloud-related titles. Certified cases reported 437 change-employer position(s), 24 new-employment position(s), and 0 continued-employment position(s); latest decision 2025-12-30.",https://www.dol.gov/sites/dolgov/files/ETA/oflc/pdfs/LCA_Disclosure_Data_FY2026_Q1.xlsx; https://www.dol.gov/agencies/eta/foreign-labor/performance,"Meta Platforms, Inc",backend;distributed-systems;platform;infrastructure;cloud;security;SRE,Employer-level recent LCA evidence does not guarantee sponsorship or transfer support for every requisition; confirm in the posting or recruiter screen.
Apple,apple.com,https://jobs.apple.com/en-us/search,custom,,high,FY2026 Q1 (2025-10-01 through 2025-12-31 decisions),"DOL FY2026 Q1: 1165 Certified H-1B LCA case(s); 913 had software/engineering/platform/security/data/cloud-related titles. Certified cases reported 134 change-employer position(s), 25 new-employment position(s), and 1 continued-employment position(s); latest decision 2025-12-31.",https://www.dol.gov/sites/dolgov/files/ETA/oflc/pdfs/LCA_Disclosure_Data_FY2026_Q1.xlsx; https://www.dol.gov/agencies/eta/foreign-labor/performance,Apple Inc.,systems-software;platform;infrastructure;cloud;security;distributed-systems,"Many openings are hardware, silicon, firmware, or embedded; retain only backend, cloud, platform, infrastructure, SRE, or security roles. Employer-level recent LCA evidence does not guarantee sponsorship or transfer support for every requisition; confirm in the posting or recruiter screen."
Netflix,netflix.com,https://www.jobs.netflix.com/,custom,,high,FY2026 Q1 (2025-10-01 through 2025-12-31 decisions),"DOL FY2026 Q1: 66 Certified H-1B LCA case(s); 52 had software/engineering/platform/security/data/cloud-related titles. Certified cases reported 42 change-employer position(s), 0 new-employment position(s), and 9 continued-employment position(s); latest decision 2025-12-29.",https://www.dol.gov/sites/dolgov/files/ETA/oflc/pdfs/LCA_Disclosure_Data_FY2026_Q1.xlsx; https://www.dol.gov/agencies/eta/foreign-labor/performance,"Netflix Global, LLC; Netflix, Inc.",backend;distributed-systems;platform;cloud;Kafka;SRE,Many engineering openings skew Staff/Principal or request higher YOE; retain only mid-level or unusually appropriate Senior descriptions. Employer-level recent LCA evidence does not guarantee sponsorship or transfer support for every requisition; confirm in the posting or recruiter screen.
NVIDIA,nvidia.com,https://nvidia.wd5.myworkdayjobs.com/NVIDIAExternalCareerSite,workday,https://nvidia.wd5.myworkdayjobs.com/NVIDIAExternalCareerSite,high,FY2026 Q1 (2025-10-01 through 2025-12-31 decisions),"DOL FY2026 Q1: 434 Certified H-1B LCA case(s); 341 had software/engineering/platform/security/data/cloud-related titles. Certified cases reported 387 change-employer position(s), 988 new-employment position(s), and 302 continued-employment position(s); latest decision 2025-12-30.",https://www.dol.gov/sites/dolgov/files/ETA/oflc/pdfs/LCA_Disclosure_Data_FY2026_Q1.xlsx; https://www.dol.gov/agencies/eta/foreign-labor/performance,NVIDIA Corporation,systems-software;platform;infrastructure;cloud;security;distributed-systems,"Many openings are hardware, silicon, firmware, or embedded; retain only backend, cloud, platform, infrastructure, SRE, or security roles. Employer-level recent LCA evidence does not guarantee sponsorship or transfer support for every requisition; confirm in the posting or recruiter screen."
Salesforce,salesforce.com,https://www.salesforce.com/company/careers/jobs/,custom,,high,FY2026 Q1 (2025-10-01 through 2025-12-31 decisions),"DOL FY2026 Q1: 320 Certified H-1B LCA case(s); 238 had software/engineering/platform/security/data/cloud-related titles. Certified cases reported 832 change-employer position(s), 9 new-employment position(s), and 133 continued-employment position(s); latest decision 2025-12-30.",https://www.dol.gov/sites/dolgov/files/ETA/oflc/pdfs/LCA_Disclosure_Data_FY2026_Q1.xlsx; https://www.dol.gov/agencies/eta/foreign-labor/performance,"Salesforce, Inc.",backend;Java;Spring;cloud;platform;distributed-systems;security,Employer-level recent LCA evidence does not guarantee sponsorship or transfer support for every requisition; confirm in the posting or recruiter screen.
Adobe,adobe.com,https://careers.adobe.com/us/en/search-results,workday,https://adobe.wd5.myworkdayjobs.com/external_experienced,high,FY2026 Q1 (2025-10-01 through 2025-12-31 decisions),"DOL FY2026 Q1: 127 Certified H-1B LCA case(s); 102 had software/engineering/platform/security/data/cloud-related titles. Certified cases reported 42 change-employer position(s), 4 new-employment position(s), and 59 continued-employment position(s); latest decision 2025-12-30.",https://www.dol.gov/sites/dolgov/files/ETA/oflc/pdfs/LCA_Disclosure_Data_FY2026_Q1.xlsx; https://www.dol.gov/agencies/eta/foreign-labor/performance,Adobe Inc.,backend;Java;Spring;cloud;platform;distributed-systems;security,Employer-level recent LCA evidence does not guarantee sponsorship or transfer support for every requisition; confirm in the posting or recruiter screen.
Oracle,oracle.com,https://careers.oracle.com/en/sites/jobsearch/jobs,oracle,https://careers.oracle.com/en/sites/jobsearch/jobs,high,FY2026 Q1 (2025-10-01 through 2025-12-31 decisions),"DOL FY2026 Q1: 116 Certified H-1B LCA case(s); 79 had software/engineering/platform/security/data/cloud-related titles. Certified cases reported 176 change-employer position(s), 154 new-employment position(s), and 200 continued-employment position(s); latest decision 2025-12-30.",https://www.dol.gov/sites/dolgov/files/ETA/oflc/pdfs/LCA_Disclosure_Data_FY2026_Q1.xlsx; https://www.dol.gov/agencies/eta/foreign-labor/performance,"Oracle America, Inc.",backend;Java;Spring;cloud;platform;distributed-systems;security,Employer-level recent LCA evidence does not guarantee sponsorship or transfer support for every requisition; confirm in the posting or recruiter screen.
IBM,ibm.com,https://www.ibm.com/careers/search,custom,,high,FY2026 Q1 (2025-10-01 through 2025-12-31 decisions),"DOL FY2026 Q1: 170 Certified H-1B LCA case(s); 83 had software/engineering/platform/security/data/cloud-related titles. Certified cases reported 15 change-employer position(s), 1 new-employment position(s), and 30 continued-employment position(s); latest decision 2025-12-30.",https://www.dol.gov/sites/dolgov/files/ETA/oflc/pdfs/LCA_Disclosure_Data_FY2026_Q1.xlsx; https://www.dol.gov/agencies/eta/foreign-labor/performance,IBM Corporation,backend;Java;Spring;cloud;platform;distributed-systems;security,"Large mixed product/consulting portfolio; exclude client-consulting, implementation, and architect/manager roles unless clearly product engineering. Employer-level recent LCA evidence does not guarantee sponsorship or transfer support for every requisition; confirm in the posting or recruiter screen."
Cisco,cisco.com,https://careers.cisco.com/global/en/search-results,workday,https://cisco.wd5.myworkdayjobs.com/Cisco_Careers,high,FY2026 Q1 (2025-10-01 through 2025-12-31 decisions),"DOL FY2026 Q1: 154 Certified H-1B LCA case(s); 114 had software/engineering/platform/security/data/cloud-related titles. Certified cases reported 542 change-employer position(s), 501 new-employment position(s), and 788 continued-employment position(s); latest decision 2025-12-30.",https://www.dol.gov/sites/dolgov/files/ETA/oflc/pdfs/LCA_Disclosure_Data_FY2026_Q1.xlsx; https://www.dol.gov/agencies/eta/foreign-labor/performance,"Cisco Systems, Inc.",systems-software;platform;infrastructure;cloud;security;distributed-systems,"Many openings are hardware, silicon, firmware, or embedded; retain only backend, cloud, platform, infrastructure, SRE, or security roles. Employer-level recent LCA evidence does not guarantee sponsorship or transfer support for every requisition; confirm in the posting or recruiter screen."
Intel,intel.com,https://intel.wd1.myworkdayjobs.com/External,workday,https://intel.wd1.myworkdayjobs.com/External,high,FY2026 Q1 (2025-10-01 through 2025-12-31 decisions),"DOL FY2026 Q1: 239 Certified H-1B LCA case(s); 233 had software/engineering/platform/security/data/cloud-related titles. Certified cases reported 7 change-employer position(s), 24 new-employment position(s), and 57 continued-employment position(s); latest decision 2025-12-30.",https://www.dol.gov/sites/dolgov/files/ETA/oflc/pdfs/LCA_Disclosure_Data_FY2026_Q1.xlsx; https://www.dol.gov/agencies/eta/foreign-labor/performance,Intel Corporation,systems-software;platform;infrastructure;cloud;security;distributed-systems,"Many openings are hardware, silicon, firmware, or embedded; retain only backend, cloud, platform, infrastructure, SRE, or security roles. Employer-level recent LCA evidence does not guarantee sponsorship or transfer support for every requisition; confirm in the posting or recruiter screen."
AMD,amd.com,https://careers.amd.com/careers-home/jobs,custom,,high,FY2026 Q1 (2025-10-01 through 2025-12-31 decisions),"DOL FY2026 Q1: 96 Certified H-1B LCA case(s); 89 had software/engineering/platform/security/data/cloud-related titles. Certified cases reported 15 change-employer position(s), 0 new-employment position(s), and 69 continued-employment position(s); latest decision 2025-12-29.",https://www.dol.gov/sites/dolgov/files/ETA/oflc/pdfs/LCA_Disclosure_Data_FY2026_Q1.xlsx; https://www.dol.gov/agencies/eta/foreign-labor/performance,"AMD Design LLC; Advanced Micro Devices, Inc.",systems-software;platform;infrastructure;cloud;security;distributed-systems,"Many openings are hardware, silicon, firmware, or embedded; retain only backend, cloud, platform, infrastructure, SRE, or security roles. Employer-level recent LCA evidence does not guarantee sponsorship or transfer support for every requisition; confirm in the posting or recruiter screen."
Qualcomm,qualcomm.com,https://careers.qualcomm.com/careers,custom,,high,FY2026 Q1 (2025-10-01 through 2025-12-31 decisions),"DOL FY2026 Q1: 308 Certified H-1B LCA case(s); 298 had software/engineering/platform/security/data/cloud-related titles. Certified cases reported 6339 change-employer position(s), 6332 new-employment position(s), and 0 continued-employment position(s); latest decision 2025-12-29.",https://www.dol.gov/sites/dolgov/files/ETA/oflc/pdfs/LCA_Disclosure_Data_FY2026_Q1.xlsx; https://www.dol.gov/agencies/eta/foreign-labor/performance,"Qualcomm Technologies, Inc.",systems-software;platform;infrastructure;cloud;security;distributed-systems,"Many openings are hardware, silicon, firmware, or embedded; retain only backend, cloud, platform, infrastructure, SRE, or security roles. Employer-level recent LCA evidence does not guarantee sponsorship or transfer support for every requisition; confirm in the posting or recruiter screen."
Dell Technologies,dell.com,https://enterpriseplatform.dell.com/hcmUI/CandidateExperience/en/sites/careers/jobs?mode=location,oracle,https://enterpriseplatform.dell.com/hcmUI/CandidateExperience/en/sites/careers/jobs,high,FY2026 Q1 (2025-10-01 through 2025-12-31 decisions),"DOL FY2026 Q1: 63 Certified H-1B LCA case(s); 40 had software/engineering/platform/security/data/cloud-related titles. Certified cases reported 7 change-employer position(s), 6 new-employment position(s), and 40 continued-employment position(s); latest decision 2025-12-30.",https://www.dol.gov/sites/dolgov/files/ETA/oflc/pdfs/LCA_Disclosure_Data_FY2026_Q1.xlsx; https://www.dol.gov/agencies/eta/foreign-labor/performance,DELL MARKETING L.P.; DELL PRODUCTS L.P.; DELL USA L.P.; Dell Products L.P.; Dell USA L.P.,systems-software;platform;infrastructure;cloud;security;distributed-systems,"Many openings are hardware, silicon, firmware, or embedded; retain only backend, cloud, platform, infrastructure, SRE, or security roles. Employer-level recent LCA evidence does not guarantee sponsorship or transfer support for every requisition; confirm in the posting or recruiter screen."
Hewlett Packard Enterprise,hpe.com,https://careers.hpe.com/us/en/search-results,workday,https://hpe.wd5.myworkdayjobs.com/Jobsathpe,medium,FY2026 Q1 (2025-10-01 through 2025-12-31 decisions),"DOL FY2026 Q1: 24 Certified H-1B LCA case(s); 20 had software/engineering/platform/security/data/cloud-related titles. Certified cases reported 0 change-employer position(s), 1 new-employment position(s), and 23 continued-employment position(s); latest decision 2025-12-30.",https://www.dol.gov/sites/dolgov/files/ETA/oflc/pdfs/LCA_Disclosure_Data_FY2026_Q1.xlsx; https://www.dol.gov/agencies/eta/foreign-labor/performance,Hewlett Packard Enterprise Company,systems-software;platform;infrastructure;cloud;security;distributed-systems,"Many openings are hardware, silicon, firmware, or embedded; retain only backend, cloud, platform, infrastructure, SRE, or security roles. Employer-level recent LCA evidence does not guarantee sponsorship or transfer support for every requisition; confirm in the posting or recruiter screen."
ServiceNow,servicenow.com,https://careers.servicenow.com/jobs/,smartrecruiters,https://api.smartrecruiters.com/v1/companies/ServiceNow/postings,high,FY2026 Q1 (2025-10-01 through 2025-12-31 decisions),"DOL FY2026 Q1: 141 Certified H-1B LCA case(s); 111 had software/engineering/platform/security/data/cloud-related titles. Certified cases reported 111 change-employer position(s), 93 new-employment position(s), and 162 continued-employment position(s); latest decision 2025-12-29.",https://www.dol.gov/sites/dolgov/files/ETA/oflc/pdfs/LCA_Disclosure_Data_FY2026_Q1.xlsx; https://www.dol.gov/agencies/eta/foreign-labor/performance,"ServiceNow, Inc.",backend;Java;Spring;cloud;platform;distributed-systems;security,Employer-level recent LCA evidence does not guarantee sponsorship or transfer support for every requisition; confirm in the posting or recruiter screen.
Workday,workday.com,https://workday.wd5.myworkdayjobs.com/Workday,workday,https://workday.wd5.myworkdayjobs.com/Workday,high,FY2026 Q1 (2025-10-01 through 2025-12-31 decisions),"DOL FY2026 Q1: 46 Certified H-1B LCA case(s); 41 had software/engineering/platform/security/data/cloud-related titles. Certified cases reported 15 change-employer position(s), 4 new-employment position(s), and 23 continued-employment position(s); latest decision 2025-12-29.",https://www.dol.gov/sites/dolgov/files/ETA/oflc/pdfs/LCA_Disclosure_Data_FY2026_Q1.xlsx; https://www.dol.gov/agencies/eta/foreign-labor/performance,"Workday, Inc.",backend;distributed-systems;data-platform;cloud;infrastructure;SRE,Employer-level recent LCA evidence does not guarantee sponsorship or transfer support for every requisition; confirm in the posting or recruiter screen.
LinkedIn,linkedin.com,https://careers.linkedin.com/,custom,,high,FY2026 Q1 (2025-10-01 through 2025-12-31 decisions),"DOL FY2026 Q1: 300 Certified H-1B LCA case(s); 253 had software/engineering/platform/security/data/cloud-related titles. Certified cases reported 1625 change-employer position(s), 912 new-employment position(s), and 997 continued-employment position(s); latest decision 2025-12-30.",https://www.dol.gov/sites/dolgov/files/ETA/oflc/pdfs/LCA_Disclosure_Data_FY2026_Q1.xlsx; https://www.dol.gov/agencies/eta/foreign-labor/performance,LINKEDIN CORPORATION; LinkedIn Corporation,backend;distributed-systems;data-platform;cloud;infrastructure;SRE,Employer-level recent LCA evidence does not guarantee sponsorship or transfer support for every requisition; confirm in the posting or recruiter screen.
Autodesk,autodesk.com,https://autodesk.wd1.myworkdayjobs.com/Ext,workday,https://autodesk.wd1.myworkdayjobs.com/Ext,medium,FY2026 Q1 (2025-10-01 through 2025-12-31 decisions),"DOL FY2026 Q1: 34 Certified H-1B LCA case(s); 29 had software/engineering/platform/security/data/cloud-related titles. Certified cases reported 1 change-employer position(s), 0 new-employment position(s), and 27 continued-employment position(s); latest decision 2025-12-29.",https://www.dol.gov/sites/dolgov/files/ETA/oflc/pdfs/LCA_Disclosure_Data_FY2026_Q1.xlsx; https://www.dol.gov/agencies/eta/foreign-labor/performance,"Autodesk, Inc.",backend;distributed-systems;data-platform;cloud;infrastructure;SRE,Employer-level recent LCA evidence does not guarantee sponsorship or transfer support for every requisition; confirm in the posting or recruiter screen.
Red Hat,redhat.com,https://redhat.wd5.myworkdayjobs.com/jobs,workday,https://redhat.wd5.myworkdayjobs.com/jobs,medium,FY2026 Q1 (2025-10-01 through 2025-12-31 decisions),"DOL FY2026 Q1: 11 Certified H-1B LCA case(s); 5 had software/engineering/platform/security/data/cloud-related titles. Certified cases reported 1 change-employer position(s), 0 new-employment position(s), and 10 continued-employment position(s); latest decision 2025-12-23.",https://www.dol.gov/sites/dolgov/files/ETA/oflc/pdfs/LCA_Disclosure_Data_FY2026_Q1.xlsx; https://www.dol.gov/agencies/eta/foreign-labor/performance,"RED HAT, INC.; Red Hat, Inc.",backend;platform;infrastructure;cloud;distributed-systems;developer-tools,Employer-level recent LCA evidence does not guarantee sponsorship or transfer support for every requisition; confirm in the posting or recruiter screen.
NetApp,netapp.com,https://careers.netapp.com/,successfactors,https://careers.netapp.com/,medium,FY2026 Q1 (2025-10-01 through 2025-12-31 decisions),"DOL FY2026 Q1: 18 Certified H-1B LCA case(s); 16 had software/engineering/platform/security/data/cloud-related titles. Certified cases reported 2 change-employer position(s), 3 new-employment position(s), and 0 continued-employment position(s); latest decision 2025-12-26.",https://www.dol.gov/sites/dolgov/files/ETA/oflc/pdfs/LCA_Disclosure_Data_FY2026_Q1.xlsx; https://www.dol.gov/agencies/eta/foreign-labor/performance,"NetApp, Inc.",systems-software;platform;infrastructure;cloud;security;distributed-systems,"Many openings are hardware, silicon, firmware, or embedded; retain only backend, cloud, platform, infrastructure, SRE, or security roles. Employer-level recent LCA evidence does not guarantee sponsorship or transfer support for every requisition; confirm in the posting or recruiter screen."
Everpure (formerly Pure Storage),everpuredata.com,https://job-boards.greenhouse.io/purestorage,greenhouse,purestorage,high,FY2026 Q1 (2025-10-01 through 2025-12-31 decisions),"DOL FY2026 Q1: 31 Certified H-1B LCA case(s); 21 had software/engineering/platform/security/data/cloud-related titles. Certified cases reported 16 change-employer position(s), 0 new-employment position(s), and 14 continued-employment position(s); latest decision 2025-12-29.",https://www.dol.gov/sites/dolgov/files/ETA/oflc/pdfs/LCA_Disclosure_Data_FY2026_Q1.xlsx; https://www.dol.gov/agencies/eta/foreign-labor/performance,"PURE STORAGE, INC.",systems-software;platform;infrastructure;cloud;security;distributed-systems,"Pure Storage, Inc. changed its name to Everpure, Inc. on 2026-02-23; FY2026 Q1 DOL filings and the verified Greenhouse token still use Pure Storage. Confirm the current legal petitioner and requisition-level transfer support."
Nutanix,nutanix.com,https://careers.nutanix.com/en/jobs/,custom,,low,FY2026 Q1 (2025-10-01 through 2025-12-31 decisions),"DOL FY2026 Q1: 16 Certified H-1B LCA case(s); 16 had software/engineering/platform/security/data/cloud-related titles. Certified cases reported 0 change-employer position(s), 0 new-employment position(s), and 14 continued-employment position(s); latest decision 2025-12-17.",https://www.dol.gov/sites/dolgov/files/ETA/oflc/pdfs/LCA_Disclosure_Data_FY2026_Q1.xlsx; https://www.dol.gov/agencies/eta/foreign-labor/performance,"Nutanix, Inc.",systems-software;platform;infrastructure;cloud;security;distributed-systems,"Many openings are hardware, silicon, firmware, or embedded; retain only backend, cloud, platform, infrastructure, SRE, or security roles. Employer-level recent LCA evidence does not guarantee sponsorship or transfer support for every requisition; confirm in the posting or recruiter screen. FY2026 Q1 showed no Certified change-employer or new-employment positions for the matched petitioner; deprioritize unless the individual posting or recruiter explicitly confirms transfer support."
F5,f5.com,https://www.f5.com/company/careers,workday,https://ffive.wd5.myworkdayjobs.com/f5jobs,high,FY2026 Q1 (2025-10-01 through 2025-12-31 decisions),"DOL FY2026 Q1: 32 Certified H-1B LCA case(s); 29 had software/engineering/platform/security/data/cloud-related titles. Certified cases reported 10 change-employer position(s), 1 new-employment position(s), and 11 continued-employment position(s); latest decision 2025-12-26.",https://www.dol.gov/sites/dolgov/files/ETA/oflc/pdfs/LCA_Disclosure_Data_FY2026_Q1.xlsx; https://www.dol.gov/agencies/eta/foreign-labor/performance,"F5, Inc.",security;backend;cloud;platform;infrastructure;SRE,Employer-level recent LCA evidence does not guarantee sponsorship or transfer support for every requisition; confirm in the posting or recruiter screen.
Akamai,akamai.com,https://www.akamai.com/careers,custom,,medium,FY2026 Q1 (2025-10-01 through 2025-12-31 decisions),"DOL FY2026 Q1: 24 Certified H-1B LCA case(s); 19 had software/engineering/platform/security/data/cloud-related titles. Certified cases reported 1 change-employer position(s), 1 new-employment position(s), and 21 continued-employment position(s); latest decision 2025-12-30.",https://www.dol.gov/sites/dolgov/files/ETA/oflc/pdfs/LCA_Disclosure_Data_FY2026_Q1.xlsx; https://www.dol.gov/agencies/eta/foreign-labor/performance,"Akamai Technologies, Inc.",security;backend;cloud;platform;infrastructure;SRE,Employer-level recent LCA evidence does not guarantee sponsorship or transfer support for every requisition; confirm in the posting or recruiter screen.
Arista Networks,arista.com,https://www.arista.com/en/careers/job-openings,custom,,high,FY2026 Q1 (2025-10-01 through 2025-12-31 decisions),"DOL FY2026 Q1: 12 Certified H-1B LCA case(s); 12 had software/engineering/platform/security/data/cloud-related titles. Certified cases reported 6 change-employer position(s), 0 new-employment position(s), and 4 continued-employment position(s); latest decision 2025-12-11.",https://www.dol.gov/sites/dolgov/files/ETA/oflc/pdfs/LCA_Disclosure_Data_FY2026_Q1.xlsx; https://www.dol.gov/agencies/eta/foreign-labor/performance,"Arista Networks, Inc.",systems-software;platform;infrastructure;cloud;security;distributed-systems,"Many openings are hardware, silicon, firmware, or embedded; retain only backend, cloud, platform, infrastructure, SRE, or security roles. Employer-level recent LCA evidence does not guarantee sponsorship or transfer support for every requisition; confirm in the posting or recruiter screen."
Uber,uber.com,https://www.uber.com/us/en/careers/list/,custom,,high,FY2026 Q1 (2025-10-01 through 2025-12-31 decisions),"DOL FY2026 Q1: 116 Certified H-1B LCA case(s); 79 had software/engineering/platform/security/data/cloud-related titles. Certified cases reported 53 change-employer position(s), 2 new-employment position(s), and 38 continued-employment position(s); latest decision 2025-12-30.",https://www.dol.gov/sites/dolgov/files/ETA/oflc/pdfs/LCA_Disclosure_Data_FY2026_Q1.xlsx; https://www.dol.gov/agencies/eta/foreign-labor/performance,"Uber Technologies, Inc.",backend;distributed-systems;platform;cloud;Kafka;SRE,Employer-level recent LCA evidence does not guarantee sponsorship or transfer support for every requisition; confirm in the posting or recruiter screen.
Lyft,lyft.com,https://www.lyft.com/careers,greenhouse,lyft,high,FY2026 Q1 (2025-10-01 through 2025-12-31 decisions),"DOL FY2026 Q1: 12 Certified H-1B LCA case(s); 8 had software/engineering/platform/security/data/cloud-related titles. Certified cases reported 8 change-employer position(s), 1 new-employment position(s), and 1 continued-employment position(s); latest decision 2025-12-26.",https://www.dol.gov/sites/dolgov/files/ETA/oflc/pdfs/LCA_Disclosure_Data_FY2026_Q1.xlsx; https://www.dol.gov/agencies/eta/foreign-labor/performance,"LYFT, Inc.",backend;distributed-systems;platform;cloud;Kafka;SRE,Employer-level recent LCA evidence does not guarantee sponsorship or transfer support for every requisition; confirm in the posting or recruiter screen.
Airbnb,airbnb.com,https://careers.airbnb.com/positions/,greenhouse,airbnb,high,FY2026 Q1 (2025-10-01 through 2025-12-31 decisions),"DOL FY2026 Q1: 31 Certified H-1B LCA case(s); 27 had software/engineering/platform/security/data/cloud-related titles. Certified cases reported 25 change-employer position(s), 0 new-employment position(s), and 2 continued-employment position(s); latest decision 2025-12-12.",https://www.dol.gov/sites/dolgov/files/ETA/oflc/pdfs/LCA_Disclosure_Data_FY2026_Q1.xlsx; https://www.dol.gov/agencies/eta/foreign-labor/performance,"AIRBNB PAYMENTS, INC.; AIRBNB, INC.",backend;distributed-systems;platform;cloud;Kafka;SRE,Employer-level recent LCA evidence does not guarantee sponsorship or transfer support for every requisition; confirm in the posting or recruiter screen.
DoorDash,doordash.com,https://careersatdoordash.com/job-search/,greenhouse,doordashusa,high,FY2026 Q1 (2025-10-01 through 2025-12-31 decisions),"DOL FY2026 Q1: 70 Certified H-1B LCA case(s); 56 had software/engineering/platform/security/data/cloud-related titles. Certified cases reported 47 change-employer position(s), 5 new-employment position(s), and 10 continued-employment position(s); latest decision 2025-12-26.",https://www.dol.gov/sites/dolgov/files/ETA/oflc/pdfs/LCA_Disclosure_Data_FY2026_Q1.xlsx; https://www.dol.gov/agencies/eta/foreign-labor/performance,"DoorDash, Inc.",backend;distributed-systems;platform;cloud;Kafka;SRE,Employer-level recent LCA evidence does not guarantee sponsorship or transfer support for every requisition; confirm in the posting or recruiter screen.
Instacart,instacart.com,https://www.instacart.careers/current-openings,greenhouse,instacart,high,FY2026 Q1 (2025-10-01 through 2025-12-31 decisions),"DOL FY2026 Q1: 17 Certified H-1B LCA case(s); 10 had software/engineering/platform/security/data/cloud-related titles. Certified cases reported 7 change-employer position(s), 2 new-employment position(s), and 4 continued-employment position(s); latest decision 2025-12-29.",https://www.dol.gov/sites/dolgov/files/ETA/oflc/pdfs/LCA_Disclosure_Data_FY2026_Q1.xlsx; https://www.dol.gov/agencies/eta/foreign-labor/performance,Maplebear Inc.,backend;distributed-systems;platform;cloud;Kafka;SRE,DOL evidence appears under legal petitioner Maplebear Inc. Confirm that the specific Instacart requisition supports an H-1B transfer.
Pinterest,pinterest.com,https://www.pinterestcareers.com/jobs/,greenhouse,pinterest,high,FY2026 Q1 (2025-10-01 through 2025-12-31 decisions),"DOL FY2026 Q1: 38 Certified H-1B LCA case(s); 36 had software/engineering/platform/security/data/cloud-related titles. Certified cases reported 24 change-employer position(s), 1 new-employment position(s), and 6 continued-employment position(s); latest decision 2025-12-23.",https://www.dol.gov/sites/dolgov/files/ETA/oflc/pdfs/LCA_Disclosure_Data_FY2026_Q1.xlsx; https://www.dol.gov/agencies/eta/foreign-labor/performance,"Pinterest, Inc.",backend;distributed-systems;platform;cloud;Kafka;SRE,Employer-level recent LCA evidence does not guarantee sponsorship or transfer support for every requisition; confirm in the posting or recruiter screen.
Snap,snap.com,https://careers.snap.com/jobs,custom,https://careers.snap.com/jobs,high,FY2026 Q1 (2025-10-01 through 2025-12-31 decisions),"DOL FY2026 Q1: 56 Certified H-1B LCA case(s); 47 had software/engineering/platform/security/data/cloud-related titles. Certified cases reported 25 change-employer position(s), 3 new-employment position(s), and 0 continued-employment position(s); latest decision 2025-12-29.",https://www.dol.gov/sites/dolgov/files/ETA/oflc/pdfs/LCA_Disclosure_Data_FY2026_Q1.xlsx; https://www.dol.gov/agencies/eta/foreign-labor/performance,SNAP INC.,backend;distributed-systems;platform;cloud;Kafka;SRE,Employer-level recent LCA evidence does not guarantee sponsorship or transfer support for every requisition; confirm in the posting or recruiter screen.
Reddit,redditinc.com,https://redditinc.com/careers,greenhouse,reddit,high,FY2026 Q1 (2025-10-01 through 2025-12-31 decisions),"DOL FY2026 Q1: 22 Certified H-1B LCA case(s); 20 had software/engineering/platform/security/data/cloud-related titles. Certified cases reported 11 change-employer position(s), 2 new-employment position(s), and 6 continued-employment position(s); latest decision 2025-12-29.",https://www.dol.gov/sites/dolgov/files/ETA/oflc/pdfs/LCA_Disclosure_Data_FY2026_Q1.xlsx; https://www.dol.gov/agencies/eta/foreign-labor/performance,"Reddit, Inc.",backend;distributed-systems;platform;cloud;Kafka;SRE,Employer-level recent LCA evidence does not guarantee sponsorship or transfer support for every requisition; confirm in the posting or recruiter screen.
Roblox,roblox.com,https://careers.roblox.com/jobs,greenhouse,roblox,high,FY2026 Q1 (2025-10-01 through 2025-12-31 decisions),"DOL FY2026 Q1: 34 Certified H-1B LCA case(s); 29 had software/engineering/platform/security/data/cloud-related titles. Certified cases reported 25 change-employer position(s), 0 new-employment position(s), and 0 continued-employment position(s); latest decision 2025-12-29.",https://www.dol.gov/sites/dolgov/files/ETA/oflc/pdfs/LCA_Disclosure_Data_FY2026_Q1.xlsx; https://www.dol.gov/agencies/eta/foreign-labor/performance,Roblox Corporation,backend;distributed-systems;platform;cloud;Kafka;SRE,Employer-level recent LCA evidence does not guarantee sponsorship or transfer support for every requisition; confirm in the posting or recruiter screen.
Discord,discord.com,https://discord.com/careers,greenhouse,discord,medium,FY2026 Q1 (2025-10-01 through 2025-12-31 decisions),"DOL FY2026 Q1: 5 Certified H-1B LCA case(s); 3 had software/engineering/platform/security/data/cloud-related titles. Certified cases reported 5 change-employer position(s), 0 new-employment position(s), and 0 continued-employment position(s); latest decision 2025-12-16.",https://www.dol.gov/sites/dolgov/files/ETA/oflc/pdfs/LCA_Disclosure_Data_FY2026_Q1.xlsx; https://www.dol.gov/agencies/eta/foreign-labor/performance,"Discord, Inc.",backend;distributed-systems;platform;cloud;Kafka;SRE,Many engineering openings skew Staff/Principal or request higher YOE; retain only mid-level or unusually appropriate Senior descriptions. Employer-level recent LCA evidence does not guarantee sponsorship or transfer support for every requisition; confirm in the posting or recruiter screen.
Expedia Group,expediagroup.com,https://careers.expediagroup.com/jobs/,custom,,high,FY2026 Q1 (2025-10-01 through 2025-12-31 decisions),"DOL FY2026 Q1: 92 Certified H-1B LCA case(s); 75 had software/engineering/platform/security/data/cloud-related titles. Certified cases reported 27 change-employer position(s), 3 new-employment position(s), and 53 continued-employment position(s); latest decision 2025-12-30.",https://www.dol.gov/sites/dolgov/files/ETA/oflc/pdfs/LCA_Disclosure_Data_FY2026_Q1.xlsx; https://www.dol.gov/agencies/eta/foreign-labor/performance,"Expedia, Inc.",backend;distributed-systems;platform;cloud;Kafka;SRE,Employer-level recent LCA evidence does not guarantee sponsorship or transfer support for every requisition; confirm in the posting or recruiter screen.
eBay,ebayinc.com,https://jobs.ebayinc.com/us/en/search-results,custom,,high,FY2026 Q1 (2025-10-01 through 2025-12-31 decisions),"DOL FY2026 Q1: 120 Certified H-1B LCA case(s); 102 had software/engineering/platform/security/data/cloud-related titles. Certified cases reported 15 change-employer position(s), 2 new-employment position(s), and 90 continued-employment position(s); latest decision 2025-12-30.",https://www.dol.gov/sites/dolgov/files/ETA/oflc/pdfs/LCA_Disclosure_Data_FY2026_Q1.xlsx; https://www.dol.gov/agencies/eta/foreign-labor/performance,eBay Inc.,backend;distributed-systems;platform;cloud;Kafka;SRE,Employer-level recent LCA evidence does not guarantee sponsorship or transfer support for every requisition; confirm in the posting or recruiter screen.
Stripe,stripe.com,https://stripe.com/careers/search,custom,https://stripe.com/careers/search,high,FY2026 Q1 (2025-10-01 through 2025-12-31 decisions),"DOL FY2026 Q1: 38 Certified H-1B LCA case(s); 29 had software/engineering/platform/security/data/cloud-related titles. Certified cases reported 21 change-employer position(s), 2 new-employment position(s), and 2 continued-employment position(s); latest decision 2025-12-29.",https://www.dol.gov/sites/dolgov/files/ETA/oflc/pdfs/LCA_Disclosure_Data_FY2026_Q1.xlsx; https://www.dol.gov/agencies/eta/foreign-labor/performance,"Stripe, Inc.",backend;Java;Spring;distributed-systems;cloud;payments;security,Employer-level recent LCA evidence does not guarantee sponsorship or transfer support for every requisition; confirm in the posting or recruiter screen.
Block,block.xyz,https://block.xyz/careers/jobs,greenhouse,block,high,FY2026 Q1 (2025-10-01 through 2025-12-31 decisions),"DOL FY2026 Q1: 20 Certified H-1B LCA case(s); 14 had software/engineering/platform/security/data/cloud-related titles. Certified cases reported 7 change-employer position(s), 0 new-employment position(s), and 12 continued-employment position(s); latest decision 2025-12-24.",https://www.dol.gov/sites/dolgov/files/ETA/oflc/pdfs/LCA_Disclosure_Data_FY2026_Q1.xlsx; https://www.dol.gov/agencies/eta/foreign-labor/performance,"Block, Inc.",backend;Java;Spring;distributed-systems;cloud;payments;security,Employer-level recent LCA evidence does not guarantee sponsorship or transfer support for every requisition; confirm in the posting or recruiter screen.
PayPal,paypal.com,https://careers.pypl.com/home/,custom,,high,FY2026 Q1 (2025-10-01 through 2025-12-31 decisions),"DOL FY2026 Q1: 190 Certified H-1B LCA case(s); 149 had software/engineering/platform/security/data/cloud-related titles. Certified cases reported 77 change-employer position(s), 7 new-employment position(s), and 91 continued-employment position(s); latest decision 2025-12-30.",https://www.dol.gov/sites/dolgov/files/ETA/oflc/pdfs/LCA_Disclosure_Data_FY2026_Q1.xlsx; https://www.dol.gov/agencies/eta/foreign-labor/performance,"PayPal, Inc.",backend;Java;Spring;distributed-systems;cloud;payments;security,Employer-level recent LCA evidence does not guarantee sponsorship or transfer support for every requisition; confirm in the posting or recruiter screen.
Robinhood,robinhood.com,https://careers.robinhood.com/,greenhouse,robinhood,high,FY2026 Q1 (2025-10-01 through 2025-12-31 decisions),"DOL FY2026 Q1: 25 Certified H-1B LCA case(s); 17 had software/engineering/platform/security/data/cloud-related titles. Certified cases reported 13 change-employer position(s), 2 new-employment position(s), and 8 continued-employment position(s); latest decision 2025-12-29.",https://www.dol.gov/sites/dolgov/files/ETA/oflc/pdfs/LCA_Disclosure_Data_FY2026_Q1.xlsx; https://www.dol.gov/agencies/eta/foreign-labor/performance,"ROBINHOOD MARKETS, INC; Robinhood Markets, Inc.",backend;Java;Spring;distributed-systems;cloud;payments;security,Employer-level recent LCA evidence does not guarantee sponsorship or transfer support for every requisition; confirm in the posting or recruiter screen.
Coinbase,coinbase.com,https://www.coinbase.com/careers/positions,greenhouse,coinbase,high,FY2026 Q1 (2025-10-01 through 2025-12-31 decisions),"DOL FY2026 Q1: 30 Certified H-1B LCA case(s); 25 had software/engineering/platform/security/data/cloud-related titles. Certified cases reported 22 change-employer position(s), 0 new-employment position(s), and 6 continued-employment position(s); latest decision 2025-12-30.",https://www.dol.gov/sites/dolgov/files/ETA/oflc/pdfs/LCA_Disclosure_Data_FY2026_Q1.xlsx; https://www.dol.gov/agencies/eta/foreign-labor/performance,"Coinbase, Inc.",backend;Java;Spring;distributed-systems;cloud;payments;security,Employer-level recent LCA evidence does not guarantee sponsorship or transfer support for every requisition; confirm in the posting or recruiter screen.
Chime,chime.com,https://careers.chime.com/,greenhouse,chime,high,FY2026 Q1 (2025-10-01 through 2025-12-31 decisions),"DOL FY2026 Q1: 10 Certified H-1B LCA case(s); 7 had software/engineering/platform/security/data/cloud-related titles. Certified cases reported 5 change-employer position(s), 0 new-employment position(s), and 5 continued-employment position(s); latest decision 2025-12-30.",https://www.dol.gov/sites/dolgov/files/ETA/oflc/pdfs/LCA_Disclosure_Data_FY2026_Q1.xlsx; https://www.dol.gov/agencies/eta/foreign-labor/performance,"Chime Financial, Inc.",backend;Java;Spring;distributed-systems;cloud;payments;security,Employer-level recent LCA evidence does not guarantee sponsorship or transfer support for every requisition; confirm in the posting or recruiter screen.
Visa,visa.com,https://corporate.visa.com/en/careers.html,workday,https://visa.wd5.myworkdayjobs.com/Visa,high,FY2026 Q1 (2025-10-01 through 2025-12-31 decisions),"DOL FY2026 Q1: 115 Certified H-1B LCA case(s); 86 had software/engineering/platform/security/data/cloud-related titles. Certified cases reported 11 change-employer position(s), 1 new-employment position(s), and 93 continued-employment position(s); latest decision 2025-12-30.",https://www.dol.gov/sites/dolgov/files/ETA/oflc/pdfs/LCA_Disclosure_Data_FY2026_Q1.xlsx; https://www.dol.gov/agencies/eta/foreign-labor/performance,Visa Technology & Operations LLC; Visa U.S.A. Inc.,backend;Java;Spring;distributed-systems;cloud;payments;security,Employer-level recent LCA evidence does not guarantee sponsorship or transfer support for every requisition; confirm in the posting or recruiter screen.
Mastercard,mastercard.com,https://careers.mastercard.com/us/en/search-results,workday,https://mastercard.wd1.myworkdayjobs.com/CorporateCareers,high,FY2026 Q1 (2025-10-01 through 2025-12-31 decisions),"DOL FY2026 Q1: 71 Certified H-1B LCA case(s); 52 had software/engineering/platform/security/data/cloud-related titles. Certified cases reported 5 change-employer position(s), 0 new-employment position(s), and 7 continued-employment position(s); latest decision 2025-12-30.",https://www.dol.gov/sites/dolgov/files/ETA/oflc/pdfs/LCA_Disclosure_Data_FY2026_Q1.xlsx; https://www.dol.gov/agencies/eta/foreign-labor/performance,"Mastercard International Incorporated; Mastercard Technologies, LLC",backend;Java;Spring;distributed-systems;cloud;payments;security,Employer-level recent LCA evidence does not guarantee sponsorship or transfer support for every requisition; confirm in the posting or recruiter screen.
Capital One,capitalone.com,https://www.capitalonecareers.com/search-jobs,custom,,high,FY2026 Q1 (2025-10-01 through 2025-12-31 decisions),"DOL FY2026 Q1: 207 Certified H-1B LCA case(s); 152 had software/engineering/platform/security/data/cloud-related titles. Certified cases reported 48 change-employer position(s), 9 new-employment position(s), and 0 continued-employment position(s); latest decision 2025-12-30.",https://www.dol.gov/sites/dolgov/files/ETA/oflc/pdfs/LCA_Disclosure_Data_FY2026_Q1.xlsx; https://www.dol.gov/agencies/eta/foreign-labor/performance,"Capital One Services, LLC; Capital One, National Association",backend;Java;Spring;AWS;Kafka;platform;security,"Bank title ladders can be misleading (for example, VP may still be an individual contributor); rank by duties and stated YOE, not title alone. Employer-level recent LCA evidence does not guarantee sponsorship or transfer support for every requisition; confirm in the posting or recruiter screen."
JPMorgan Chase,jpmorganchase.com,https://www.jpmorganchase.com/careers,oracle,https://jpmc.fa.oraclecloud.com/hcmUI/CandidateExperience/en/sites/CX_1001/requisitions,high,FY2026 Q1 (2025-10-01 through 2025-12-31 decisions),"DOL FY2026 Q1: 516 Certified H-1B LCA case(s); 376 had software/engineering/platform/security/data/cloud-related titles. Certified cases reported 34 change-employer position(s), 12 new-employment position(s), and 411 continued-employment position(s); latest decision 2025-12-30.",https://www.dol.gov/sites/dolgov/files/ETA/oflc/pdfs/LCA_Disclosure_Data_FY2026_Q1.xlsx; https://www.dol.gov/agencies/eta/foreign-labor/performance,JPMORGAN CHASE & CO.; JPMorgan Chase & Co.,backend;Java;Spring;AWS;Kafka;platform;security,"Bank title ladders can be misleading (for example, VP may still be an individual contributor); rank by duties and stated YOE, not title alone. Employer-level recent LCA evidence does not guarantee sponsorship or transfer support for every requisition; confirm in the posting or recruiter screen."
Goldman Sachs,goldmansachs.com,https://higher.gs.com/results,custom,https://higher.gs.com/results,high,FY2026 Q1 (2025-10-01 through 2025-12-31 decisions),"DOL FY2026 Q1: 100 Certified H-1B LCA case(s); 44 had software/engineering/platform/security/data/cloud-related titles. Certified cases reported 22 change-employer position(s), 5 new-employment position(s), and 59 continued-employment position(s); latest decision 2025-12-30.",https://www.dol.gov/sites/dolgov/files/ETA/oflc/pdfs/LCA_Disclosure_Data_FY2026_Q1.xlsx; https://www.dol.gov/agencies/eta/foreign-labor/performance,GOLDMAN SACHS & CO. LLC; GOLDMAN SACHS BANK USA; GOLDMAN SACHS SERVICES LLC; Goldman Sachs Bank USA,backend;Java;Spring;AWS;Kafka;platform;security,"Bank title ladders can be misleading (for example, VP may still be an individual contributor); rank by duties and stated YOE, not title alone. Employer-level recent LCA evidence does not guarantee sponsorship or transfer support for every requisition; confirm in the posting or recruiter screen."
Bloomberg,bloomberg.com,https://bloomberg.avature.net/careers/SearchJobs,avature,https://bloomberg.avature.net/careers/SearchJobs,high,FY2026 Q1 (2025-10-01 through 2025-12-31 decisions),"DOL FY2026 Q1: 54 Certified H-1B LCA case(s); 33 had software/engineering/platform/security/data/cloud-related titles. Certified cases reported 16 change-employer position(s), 2 new-employment position(s), and 75 continued-employment position(s); latest decision 2025-12-29.",https://www.dol.gov/sites/dolgov/files/ETA/oflc/pdfs/LCA_Disclosure_Data_FY2026_Q1.xlsx; https://www.dol.gov/agencies/eta/foreign-labor/performance,Bloomberg L.P.,backend;distributed-systems;platform;infrastructure;cloud;security;SRE,Employer-level recent LCA evidence does not guarantee sponsorship or transfer support for every requisition; confirm in the posting or recruiter screen.
American Express,americanexpress.com,https://careers.americanexpress.com/en/sites/CX_1/jobs,oracle,https://careers.americanexpress.com/en/sites/CX_1/jobs,high,FY2026 Q1 (2025-10-01 through 2025-12-31 decisions),"DOL FY2026 Q1: 74 Certified H-1B LCA case(s); 58 had software/engineering/platform/security/data/cloud-related titles. Certified cases reported 84 change-employer position(s), 0 new-employment position(s), and 4 continued-employment position(s); latest decision 2025-12-26.",https://www.dol.gov/sites/dolgov/files/ETA/oflc/pdfs/LCA_Disclosure_Data_FY2026_Q1.xlsx; https://www.dol.gov/agencies/eta/foreign-labor/performance,"American Express Company; American Express National Bank; American Express Travel Related Services Company, Inc; American Express Travel Related Services Company, Inc.",backend;Java;Spring;AWS;Kafka;platform;security,"Bank title ladders can be misleading (for example, VP may still be an individual contributor); rank by duties and stated YOE, not title alone. Employer-level recent LCA evidence does not guarantee sponsorship or transfer support for every requisition; confirm in the posting or recruiter screen."
Fidelity Investments,fidelity.com,https://jobs.fidelity.com/en/jobs/,custom,,high,FY2026 Q1 (2025-10-01 through 2025-12-31 decisions),"DOL FY2026 Q1: 518 Certified H-1B LCA case(s); 484 had software/engineering/platform/security/data/cloud-related titles. Certified cases reported 116 change-employer position(s), 7 new-employment position(s), and 238 continued-employment position(s); latest decision 2025-12-30.",https://www.dol.gov/sites/dolgov/files/ETA/oflc/pdfs/LCA_Disclosure_Data_FY2026_Q1.xlsx; https://www.dol.gov/agencies/eta/foreign-labor/performance,"Fidelity Technology Group, LLC d/b/a Fidelity Investments",backend;Java;Spring;AWS;Kafka;platform;security,"Bank title ladders can be misleading (for example, VP may still be an individual contributor); rank by duties and stated YOE, not title alone. Employer-level recent LCA evidence does not guarantee sponsorship or transfer support for every requisition; confirm in the posting or recruiter screen."
Charles Schwab,schwab.com,https://www.schwabjobs.com/search-jobs,custom,,high,FY2026 Q1 (2025-10-01 through 2025-12-31 decisions),"DOL FY2026 Q1: 92 Certified H-1B LCA case(s); 83 had software/engineering/platform/security/data/cloud-related titles. Certified cases reported 12 change-employer position(s), 2 new-employment position(s), and 73 continued-employment position(s); latest decision 2025-12-30.",https://www.dol.gov/sites/dolgov/files/ETA/oflc/pdfs/LCA_Disclosure_Data_FY2026_Q1.xlsx; https://www.dol.gov/agencies/eta/foreign-labor/performance,"Charles Schwab & Company, Inc.",backend;Java;Spring;AWS;Kafka;platform;security,"Bank title ladders can be misleading (for example, VP may still be an individual contributor); rank by duties and stated YOE, not title alone. Employer-level recent LCA evidence does not guarantee sponsorship or transfer support for every requisition; confirm in the posting or recruiter screen."
Wells Fargo,wellsfargo.com,https://www.wellsfargojobs.com/en/jobs/,workday,https://wd1.myworkdaysite.com/recruiting/wf/WellsFargoJobs,high,FY2026 Q1 (2025-10-01 through 2025-12-31 decisions),"DOL FY2026 Q1: 107 Certified H-1B LCA case(s); 87 had software/engineering/platform/security/data/cloud-related titles. Certified cases reported 17 change-employer position(s), 2 new-employment position(s), and 78 continued-employment position(s); latest decision 2025-12-29.",https://www.dol.gov/sites/dolgov/files/ETA/oflc/pdfs/LCA_Disclosure_Data_FY2026_Q1.xlsx; https://www.dol.gov/agencies/eta/foreign-labor/performance,"WELLS FARGO BANK, N.A.; Wells Fargo Bank, N.A.",backend;Java;Spring;AWS;Kafka;platform;security,"Bank title ladders can be misleading (for example, VP may still be an individual contributor); rank by duties and stated YOE, not title alone. Employer-level recent LCA evidence does not guarantee sponsorship or transfer support for every requisition; confirm in the posting or recruiter screen."
Citi,citi.com,https://jobs.citi.com/search-jobs,custom,,high,FY2026 Q1 (2025-10-01 through 2025-12-31 decisions),"DOL FY2026 Q1: 271 Certified H-1B LCA case(s); 76 had software/engineering/platform/security/data/cloud-related titles. Certified cases reported 70 change-employer position(s), 3 new-employment position(s), and 96 continued-employment position(s); latest decision 2025-12-30.",https://www.dol.gov/sites/dolgov/files/ETA/oflc/pdfs/LCA_Disclosure_Data_FY2026_Q1.xlsx; https://www.dol.gov/agencies/eta/foreign-labor/performance,"Citibank, N.A.",backend;Java;Spring;AWS;Kafka;platform;security,"Bank title ladders can be misleading (for example, VP may still be an individual contributor); rank by duties and stated YOE, not title alone. Employer-level recent LCA evidence does not guarantee sponsorship or transfer support for every requisition; confirm in the posting or recruiter screen."
Truist,truist.com,https://careers.truist.com/us/en/search-results,custom,,high,FY2026 Q1 (2025-10-01 through 2025-12-31 decisions),"DOL FY2026 Q1: 71 Certified H-1B LCA case(s); 57 had software/engineering/platform/security/data/cloud-related titles. Certified cases reported 16 change-employer position(s), 1 new-employment position(s), and 49 continued-employment position(s); latest decision 2025-12-29.",https://www.dol.gov/sites/dolgov/files/ETA/oflc/pdfs/LCA_Disclosure_Data_FY2026_Q1.xlsx; https://www.dol.gov/agencies/eta/foreign-labor/performance,Truist Bank,backend;Java;Spring;AWS;Kafka;platform;security,"Bank title ladders can be misleading (for example, VP may still be an individual contributor); rank by duties and stated YOE, not title alone. Employer-level recent LCA evidence does not guarantee sponsorship or transfer support for every requisition; confirm in the posting or recruiter screen."
Affirm,affirm.com,https://www.affirm.com/careers,greenhouse,affirm,high,FY2026 Q1 (2025-10-01 through 2025-12-31 decisions),"DOL FY2026 Q1: 11 Certified H-1B LCA case(s); 8 had software/engineering/platform/security/data/cloud-related titles. Certified cases reported 6 change-employer position(s), 0 new-employment position(s), and 4 continued-employment position(s); latest decision 2025-12-16.",https://www.dol.gov/sites/dolgov/files/ETA/oflc/pdfs/LCA_Disclosure_Data_FY2026_Q1.xlsx; https://www.dol.gov/agencies/eta/foreign-labor/performance,"Affirm, Inc.",backend;Java;Spring;distributed-systems;cloud;payments;security,Employer-level recent LCA evidence does not guarantee sponsorship or transfer support for every requisition; confirm in the posting or recruiter screen.
Brex,brex.com,https://www.brex.com/careers,greenhouse,brex,medium,FY2026 Q1 (2025-10-01 through 2025-12-31 decisions),"DOL FY2026 Q1: 5 Certified H-1B LCA case(s); 4 had software/engineering/platform/security/data/cloud-related titles. Certified cases reported 3 change-employer position(s), 1 new-employment position(s), and 0 continued-employment position(s); latest decision 2025-12-23.",https://www.dol.gov/sites/dolgov/files/ETA/oflc/pdfs/LCA_Disclosure_Data_FY2026_Q1.xlsx; https://www.dol.gov/agencies/eta/foreign-labor/performance,Brex Inc.,backend;Java;Spring;distributed-systems;cloud;payments;security,"Recent evidence is lower-volume than the largest sponsors; treat as targeted, posting-specific opportunities and confirm transfer support early."
Ramp,ramp.com,https://ramp.com/careers,ashby,ramp,medium,FY2026 Q1 (2025-10-01 through 2025-12-31 decisions),"DOL FY2026 Q1: 3 Certified H-1B LCA case(s); 2 had software/engineering/platform/security/data/cloud-related titles. Certified cases reported 2 change-employer position(s), 0 new-employment position(s), and 1 continued-employment position(s); latest decision 2025-12-23.",https://www.dol.gov/sites/dolgov/files/ETA/oflc/pdfs/LCA_Disclosure_Data_FY2026_Q1.xlsx; https://www.dol.gov/agencies/eta/foreign-labor/performance,Ramp Business Corporation,backend;Java;Spring;distributed-systems;cloud;payments;security,"Recent evidence is lower-volume than the largest sponsors; treat as targeted, posting-specific opportunities and confirm transfer support early."
Remitly,remitly.com,https://careers.remitly.com/,workday,https://remitly.wd5.myworkdayjobs.com/Remitly_Careers,medium,FY2026 Q1 (2025-10-01 through 2025-12-31 decisions),"DOL FY2026 Q1: 4 Certified H-1B LCA case(s); 2 had software/engineering/platform/security/data/cloud-related titles. Certified cases reported 3 change-employer position(s), 0 new-employment position(s), and 1 continued-employment position(s); latest decision 2025-12-11.",https://www.dol.gov/sites/dolgov/files/ETA/oflc/pdfs/LCA_Disclosure_Data_FY2026_Q1.xlsx; https://www.dol.gov/agencies/eta/foreign-labor/performance,"Remitly, Inc.",backend;Java;Spring;distributed-systems;cloud;payments;security,"Recent evidence is lower-volume than the largest sponsors; treat as targeted, posting-specific opportunities and confirm transfer support early."
Adyen,adyen.com,https://careers.adyen.com/vacancies,custom,,medium,FY2026 Q1 (2025-10-01 through 2025-12-31 decisions),"DOL FY2026 Q1: 9 Certified H-1B LCA case(s); 8 had software/engineering/platform/security/data/cloud-related titles. Certified cases reported 7 change-employer position(s), 0 new-employment position(s), and 1 continued-employment position(s); latest decision 2025-12-26.",https://www.dol.gov/sites/dolgov/files/ETA/oflc/pdfs/LCA_Disclosure_Data_FY2026_Q1.xlsx; https://www.dol.gov/agencies/eta/foreign-labor/performance,Adyen N.V.,backend;Java;Spring;distributed-systems;cloud;payments;security,Employer-level recent LCA evidence does not guarantee sponsorship or transfer support for every requisition; confirm in the posting or recruiter screen.
Fiserv,fiserv.com,https://careers.fiserv.com/us/en,custom,,high,FY2026 Q1 (2025-10-01 through 2025-12-31 decisions),"DOL FY2026 Q1: 58 Certified H-1B LCA case(s); 46 had software/engineering/platform/security/data/cloud-related titles. Certified cases reported 14 change-employer position(s), 3 new-employment position(s), and 4 continued-employment position(s); latest decision 2025-12-30.",https://www.dol.gov/sites/dolgov/files/ETA/oflc/pdfs/LCA_Disclosure_Data_FY2026_Q1.xlsx; https://www.dol.gov/agencies/eta/foreign-labor/performance,"Fiserv Solutions, LLC",backend;Java;Spring;distributed-systems;cloud;payments;security,Employer-level recent LCA evidence does not guarantee sponsorship or transfer support for every requisition; confirm in the posting or recruiter screen.
Cloudflare,cloudflare.com,https://www.cloudflare.com/careers/jobs/,greenhouse,cloudflare,high,FY2026 Q1 (2025-10-01 through 2025-12-31 decisions),"DOL FY2026 Q1: 14 Certified H-1B LCA case(s); 11 had software/engineering/platform/security/data/cloud-related titles. Certified cases reported 7 change-employer position(s), 3 new-employment position(s), and 2 continued-employment position(s); latest decision 2025-12-17.",https://www.dol.gov/sites/dolgov/files/ETA/oflc/pdfs/LCA_Disclosure_Data_FY2026_Q1.xlsx; https://www.dol.gov/agencies/eta/foreign-labor/performance,"CLOUDFLARE, INC.",security;backend;cloud;platform;infrastructure;SRE,Employer-level recent LCA evidence does not guarantee sponsorship or transfer support for every requisition; confirm in the posting or recruiter screen.
Datadog,datadoghq.com,https://careers.datadoghq.com/all-jobs/,greenhouse,datadog,medium,FY2026 Q1 (2025-10-01 through 2025-12-31 decisions),"DOL FY2026 Q1: 8 Certified H-1B LCA case(s); 3 had software/engineering/platform/security/data/cloud-related titles. Certified cases reported 6 change-employer position(s), 0 new-employment position(s), and 2 continued-employment position(s); latest decision 2025-12-30.",https://www.dol.gov/sites/dolgov/files/ETA/oflc/pdfs/LCA_Disclosure_Data_FY2026_Q1.xlsx; https://www.dol.gov/agencies/eta/foreign-labor/performance,"Datadog, Inc.",backend;distributed-systems;data-platform;cloud;infrastructure;SRE,Employer-level recent LCA evidence does not guarantee sponsorship or transfer support for every requisition; confirm in the posting or recruiter screen.
Snowflake,snowflake.com,https://careers.snowflake.com/us/en/search-results,ashby,snowflake,high,FY2026 Q1 (2025-10-01 through 2025-12-31 decisions),"DOL FY2026 Q1: 76 Certified H-1B LCA case(s); 63 had software/engineering/platform/security/data/cloud-related titles. Certified cases reported 19 change-employer position(s), 3 new-employment position(s), and 40 continued-employment position(s); latest decision 2025-12-30.",https://www.dol.gov/sites/dolgov/files/ETA/oflc/pdfs/LCA_Disclosure_Data_FY2026_Q1.xlsx; https://www.dol.gov/agencies/eta/foreign-labor/performance,Snowflake Inc.,backend;distributed-systems;data-platform;cloud;infrastructure;SRE,Employer-level recent LCA evidence does not guarantee sponsorship or transfer support for every requisition; confirm in the posting or recruiter screen.
MongoDB,mongodb.com,https://www.mongodb.com/company/careers/teams/engineering,greenhouse,mongodb,medium,FY2026 Q1 (2025-10-01 through 2025-12-31 decisions),"DOL FY2026 Q1: 8 Certified H-1B LCA case(s); 7 had software/engineering/platform/security/data/cloud-related titles. Certified cases reported 0 change-employer position(s), 2 new-employment position(s), and 5 continued-employment position(s); latest decision 2025-12-17.",https://www.dol.gov/sites/dolgov/files/ETA/oflc/pdfs/LCA_Disclosure_Data_FY2026_Q1.xlsx; https://www.dol.gov/agencies/eta/foreign-labor/performance,"MONGODB, INC.",backend;distributed-systems;data-platform;cloud;infrastructure;SRE,Employer-level recent LCA evidence does not guarantee sponsorship or transfer support for every requisition; confirm in the posting or recruiter screen.
Confluent,confluent.io,https://careers.confluent.io/,ashby,confluent,low,FY2026 Q1 (2025-10-01 through 2025-12-31 decisions),"DOL FY2026 Q1: 6 Certified H-1B LCA case(s); 5 had software/engineering/platform/security/data/cloud-related titles. Certified cases reported 0 change-employer position(s), 0 new-employment position(s), and 3 continued-employment position(s); latest decision 2025-12-04.",https://www.dol.gov/sites/dolgov/files/ETA/oflc/pdfs/LCA_Disclosure_Data_FY2026_Q1.xlsx; https://www.dol.gov/agencies/eta/foreign-labor/performance,"Confluent, Inc.",backend;distributed-systems;data-platform;cloud;infrastructure;SRE,"Recent evidence is lower-volume than the largest sponsors; treat as targeted, posting-specific opportunities and confirm transfer support early. FY2026 Q1 showed no Certified change-employer or new-employment positions for the matched petitioner; deprioritize unless the individual posting or recruiter explicitly confirms transfer support."
Elastic,elastic.co,https://www.elastic.co/careers,greenhouse,elastic,medium,FY2026 Q1 (2025-10-01 through 2025-12-31 decisions),"DOL FY2026 Q1: 7 Certified H-1B LCA case(s); 5 had software/engineering/platform/security/data/cloud-related titles. Certified cases reported 5 change-employer position(s), 0 new-employment position(s), and 1 continued-employment position(s); latest decision 2025-12-16.",https://www.dol.gov/sites/dolgov/files/ETA/oflc/pdfs/LCA_Disclosure_Data_FY2026_Q1.xlsx; https://www.dol.gov/agencies/eta/foreign-labor/performance,"Elasticsearch, Inc.",backend;distributed-systems;data-platform;cloud;infrastructure;SRE,Employer-level recent LCA evidence does not guarantee sponsorship or transfer support for every requisition; confirm in the posting or recruiter screen.
Twilio,twilio.com,https://jobs.twilio.com/careers,greenhouse,twilio,high,FY2026 Q1 (2025-10-01 through 2025-12-31 decisions),"DOL FY2026 Q1: 11 Certified H-1B LCA case(s); 9 had software/engineering/platform/security/data/cloud-related titles. Certified cases reported 6 change-employer position(s), 1 new-employment position(s), and 1 continued-employment position(s); latest decision 2025-12-24.",https://www.dol.gov/sites/dolgov/files/ETA/oflc/pdfs/LCA_Disclosure_Data_FY2026_Q1.xlsx; https://www.dol.gov/agencies/eta/foreign-labor/performance,"Twilio, Inc.",backend;platform;infrastructure;cloud;distributed-systems;developer-tools,Employer-level recent LCA evidence does not guarantee sponsorship or transfer support for every requisition; confirm in the posting or recruiter screen.
Okta,okta.com,https://www.okta.com/company/careers/,greenhouse,okta,high,FY2026 Q1 (2025-10-01 through 2025-12-31 decisions),"DOL FY2026 Q1: 17 Certified H-1B LCA case(s); 8 had software/engineering/platform/security/data/cloud-related titles. Certified cases reported 8 change-employer position(s), 0 new-employment position(s), and 4 continued-employment position(s); latest decision 2025-12-30.",https://www.dol.gov/sites/dolgov/files/ETA/oflc/pdfs/LCA_Disclosure_Data_FY2026_Q1.xlsx; https://www.dol.gov/agencies/eta/foreign-labor/performance,"Okta, Inc.",security;backend;cloud;platform;infrastructure;SRE,Employer-level recent LCA evidence does not guarantee sponsorship or transfer support for every requisition; confirm in the posting or recruiter screen.
CrowdStrike,crowdstrike.com,https://crowdstrike.wd5.myworkdayjobs.com/crowdstrikecareers,workday,https://crowdstrike.wd5.myworkdayjobs.com/crowdstrikecareers,high,FY2026 Q1 (2025-10-01 through 2025-12-31 decisions),"DOL FY2026 Q1: 13 Certified H-1B LCA case(s); 8 had software/engineering/platform/security/data/cloud-related titles. Certified cases reported 5 change-employer position(s), 1 new-employment position(s), and 0 continued-employment position(s); latest decision 2025-12-31.",https://www.dol.gov/sites/dolgov/files/ETA/oflc/pdfs/LCA_Disclosure_Data_FY2026_Q1.xlsx; https://www.dol.gov/agencies/eta/foreign-labor/performance,"CrowdStrike, Inc.",security;backend;cloud;platform;infrastructure;SRE,Employer-level recent LCA evidence does not guarantee sponsorship or transfer support for every requisition; confirm in the posting or recruiter screen.
Palo Alto Networks,paloaltonetworks.com,https://jobs.paloaltonetworks.com/en/search-jobs,workday,https://paloaltonetworks.wd5.myworkdayjobs.com/panwexternalcareers,high,FY2026 Q1 (2025-10-01 through 2025-12-31 decisions),"DOL FY2026 Q1: 78 Certified H-1B LCA case(s); 56 had software/engineering/platform/security/data/cloud-related titles. Certified cases reported 169 change-employer position(s), 154 new-employment position(s), and 160 continued-employment position(s); latest decision 2025-12-29.",https://www.dol.gov/sites/dolgov/files/ETA/oflc/pdfs/LCA_Disclosure_Data_FY2026_Q1.xlsx; https://www.dol.gov/agencies/eta/foreign-labor/performance,"Palo Alto Networks, Inc.",security;backend;cloud;platform;infrastructure;SRE,Many engineering openings skew Staff/Principal or request higher YOE; retain only mid-level or unusually appropriate Senior descriptions. Employer-level recent LCA evidence does not guarantee sponsorship or transfer support for every requisition; confirm in the posting or recruiter screen.
Zscaler,zscaler.com,https://www.zscaler.com/careers/search,greenhouse,zscaler,high,FY2026 Q1 (2025-10-01 through 2025-12-31 decisions),"DOL FY2026 Q1: 19 Certified H-1B LCA case(s); 14 had software/engineering/platform/security/data/cloud-related titles. Certified cases reported 13 change-employer position(s), 1 new-employment position(s), and 3 continued-employment position(s); latest decision 2025-12-30.",https://www.dol.gov/sites/dolgov/files/ETA/oflc/pdfs/LCA_Disclosure_Data_FY2026_Q1.xlsx; https://www.dol.gov/agencies/eta/foreign-labor/performance,"Zscaler, Inc.",security;backend;cloud;platform;infrastructure;SRE,Many engineering openings skew Staff/Principal or request higher YOE; retain only mid-level or unusually appropriate Senior descriptions. Employer-level recent LCA evidence does not guarantee sponsorship or transfer support for every requisition; confirm in the posting or recruiter screen.
Fortinet,fortinet.com,https://www.fortinet.com/corporate/careers,oracle,https://edel.fa.us2.oraclecloud.com/hcmUI/CandidateExperience/en/sites/CX_2001,low,FY2026 Q1 (2025-10-01 through 2025-12-31 decisions),"DOL FY2026 Q1: 36 Certified H-1B LCA case(s); 33 had software/engineering/platform/security/data/cloud-related titles. Certified cases reported 0 change-employer position(s), 0 new-employment position(s), and 34 continued-employment position(s); latest decision 2025-12-23.",https://www.dol.gov/sites/dolgov/files/ETA/oflc/pdfs/LCA_Disclosure_Data_FY2026_Q1.xlsx; https://www.dol.gov/agencies/eta/foreign-labor/performance,"Fortinet, Inc.",security;backend;cloud;platform;infrastructure;SRE,Employer-level recent LCA evidence does not guarantee sponsorship or transfer support for every requisition; confirm in the posting or recruiter screen. FY2026 Q1 showed no Certified change-employer or new-employment positions for the matched petitioner; deprioritize unless the individual posting or recruiter explicitly confirms transfer support.
Rubrik,rubrik.com,https://www.rubrik.com/company/careers/departments/engineering,greenhouse,rubrik,high,FY2026 Q1 (2025-10-01 through 2025-12-31 decisions),"DOL FY2026 Q1: 15 Certified H-1B LCA case(s); 5 had software/engineering/platform/security/data/cloud-related titles. Certified cases reported 9 change-employer position(s), 0 new-employment position(s), and 3 continued-employment position(s); latest decision 2025-12-29.",https://www.dol.gov/sites/dolgov/files/ETA/oflc/pdfs/LCA_Disclosure_Data_FY2026_Q1.xlsx; https://www.dol.gov/agencies/eta/foreign-labor/performance,"Rubrik, Inc.",security;backend;cloud;platform;infrastructure;SRE,Employer-level recent LCA evidence does not guarantee sponsorship or transfer support for every requisition; confirm in the posting or recruiter screen.
Netskope,netskope.com,https://www.netskope.com/company/careers/open-positions,greenhouse,netskope,high,FY2026 Q1 (2025-10-01 through 2025-12-31 decisions),"DOL FY2026 Q1: 11 Certified H-1B LCA case(s); 9 had software/engineering/platform/security/data/cloud-related titles. Certified cases reported 5 change-employer position(s), 0 new-employment position(s), and 3 continued-employment position(s); latest decision 2025-12-30.",https://www.dol.gov/sites/dolgov/files/ETA/oflc/pdfs/LCA_Disclosure_Data_FY2026_Q1.xlsx; https://www.dol.gov/agencies/eta/foreign-labor/performance,"Netskope, Inc.",security;backend;cloud;platform;infrastructure;SRE,Many engineering openings skew Staff/Principal or request higher YOE; retain only mid-level or unusually appropriate Senior descriptions. Employer-level recent LCA evidence does not guarantee sponsorship or transfer support for every requisition; confirm in the posting or recruiter screen.
Vanta,vanta.com,https://www.vanta.com/company/careers,ashby,vanta,medium,FY2026 Q1 (2025-10-01 through 2025-12-31 decisions),"DOL FY2026 Q1: 6 Certified H-1B LCA case(s); 5 had software/engineering/platform/security/data/cloud-related titles. Certified cases reported 6 change-employer position(s), 0 new-employment position(s), and 0 continued-employment position(s); latest decision 2025-12-30.",https://www.dol.gov/sites/dolgov/files/ETA/oflc/pdfs/LCA_Disclosure_Data_FY2026_Q1.xlsx; https://www.dol.gov/agencies/eta/foreign-labor/performance,Vanta Inc.,security;backend;cloud;platform;infrastructure;SRE,"Recent evidence is lower-volume than the largest sponsors; treat as targeted, posting-specific opportunities and confirm transfer support early."
Qualys,qualys.com,https://www.qualys.com/careers,workday,https://qualys.wd5.myworkdayjobs.com/Careers,medium,FY2026 Q1 (2025-10-01 through 2025-12-31 decisions),"DOL FY2026 Q1: 9 Certified H-1B LCA case(s); 8 had software/engineering/platform/security/data/cloud-related titles. Certified cases reported 1 change-employer position(s), 0 new-employment position(s), and 6 continued-employment position(s); latest decision 2025-12-17.",https://www.dol.gov/sites/dolgov/files/ETA/oflc/pdfs/LCA_Disclosure_Data_FY2026_Q1.xlsx; https://www.dol.gov/agencies/eta/foreign-labor/performance,"QUALYS, INC.",security;backend;cloud;platform;infrastructure;SRE,Employer-level recent LCA evidence does not guarantee sponsorship or transfer support for every requisition; confirm in the posting or recruiter screen.
Proofpoint,proofpoint.com,https://www.proofpoint.com/us/company/careers,workday,https://proofpoint.wd5.myworkdayjobs.com/proofpointcareers,low,FY2026 Q1 (2025-10-01 through 2025-12-31 decisions),"DOL FY2026 Q1: 3 Certified H-1B LCA case(s); 3 had software/engineering/platform/security/data/cloud-related titles. Certified cases reported 0 change-employer position(s), 0 new-employment position(s), and 3 continued-employment position(s); latest decision 2025-12-16.",https://www.dol.gov/sites/dolgov/files/ETA/oflc/pdfs/LCA_Disclosure_Data_FY2026_Q1.xlsx; https://www.dol.gov/agencies/eta/foreign-labor/performance,"Proofpoint, Inc.",security;backend;cloud;platform;infrastructure;SRE,"Recent evidence is lower-volume than the largest sponsors; treat as targeted, posting-specific opportunities and confirm transfer support early. FY2026 Q1 showed no Certified change-employer or new-employment positions for the matched petitioner; deprioritize unless the individual posting or recruiter explicitly confirms transfer support."
Gen Digital,gendigital.com,https://www.gendigital.com/us/en/life-gen/jobs/,ashby,gen-digital,medium,FY2026 Q1 (2025-10-01 through 2025-12-31 decisions),"DOL FY2026 Q1: 11 Certified H-1B LCA case(s); 9 had software/engineering/platform/security/data/cloud-related titles. Certified cases reported 2 change-employer position(s), 0 new-employment position(s), and 4 continued-employment position(s); latest decision 2025-12-26.",https://www.dol.gov/sites/dolgov/files/ETA/oflc/pdfs/LCA_Disclosure_Data_FY2026_Q1.xlsx; https://www.dol.gov/agencies/eta/foreign-labor/performance,Gen Digital Inc.,security;backend;cloud;platform;infrastructure;SRE,Employer-level recent LCA evidence does not guarantee sponsorship or transfer support for every requisition; confirm in the posting or recruiter screen.
Databricks,databricks.com,https://www.databricks.com/company/careers/open-positions,greenhouse,databricks,high,FY2026 Q1 (2025-10-01 through 2025-12-31 decisions),"DOL FY2026 Q1: 72 Certified H-1B LCA case(s); 43 had software/engineering/platform/security/data/cloud-related titles. Certified cases reported 45 change-employer position(s), 1 new-employment position(s), and 0 continued-employment position(s); latest decision 2025-12-30.",https://www.dol.gov/sites/dolgov/files/ETA/oflc/pdfs/LCA_Disclosure_Data_FY2026_Q1.xlsx; https://www.dol.gov/agencies/eta/foreign-labor/performance,"Databricks, Inc.",backend;distributed-systems;data-platform;cloud;infrastructure;SRE,Employer-level recent LCA evidence does not guarantee sponsorship or transfer support for every requisition; confirm in the posting or recruiter screen.
Palantir,palantir.com,https://www.palantir.com/careers/,lever,palantir,medium,FY2026 Q1 (2025-10-01 through 2025-12-31 decisions),"DOL FY2026 Q1: 8 Certified H-1B LCA case(s); 7 had software/engineering/platform/security/data/cloud-related titles. Certified cases reported 6 change-employer position(s), 0 new-employment position(s), and 2 continued-employment position(s); latest decision 2025-12-30.",https://www.dol.gov/sites/dolgov/files/ETA/oflc/pdfs/LCA_Disclosure_Data_FY2026_Q1.xlsx; https://www.dol.gov/agencies/eta/foreign-labor/performance,PALANTIR TECHNOLOGIES INC.,backend;distributed-systems;data-platform;cloud;infrastructure;SRE,Very selective and many roles skew senior or specialized; retain only explicit 3–5 YOE backend/platform/infrastructure/security fits. Employer-level recent LCA evidence does not guarantee sponsorship or transfer support for every requisition; confirm in the posting or recruiter screen.
Atlassian,atlassian.com,https://www.atlassian.com/company/careers/all-jobs,custom,,high,FY2026 Q1 (2025-10-01 through 2025-12-31 decisions),"DOL FY2026 Q1: 57 Certified H-1B LCA case(s); 44 had software/engineering/platform/security/data/cloud-related titles. Certified cases reported 32 change-employer position(s), 2 new-employment position(s), and 20 continued-employment position(s); latest decision 2025-12-23.",https://www.dol.gov/sites/dolgov/files/ETA/oflc/pdfs/LCA_Disclosure_Data_FY2026_Q1.xlsx; https://www.dol.gov/agencies/eta/foreign-labor/performance,"Atlassian US, Inc.",backend;platform;infrastructure;cloud;distributed-systems;developer-tools,Employer-level recent LCA evidence does not guarantee sponsorship or transfer support for every requisition; confirm in the posting or recruiter screen.
GitHub,github.com,https://www.github.careers/careers-home/jobs,custom,,medium,FY2026 Q1 (2025-10-01 through 2025-12-31 decisions),"DOL FY2026 Q1: 3 Certified H-1B LCA case(s); 2 had software/engineering/platform/security/data/cloud-related titles. Certified cases reported 1 change-employer position(s), 0 new-employment position(s), and 1 continued-employment position(s); latest decision 2025-12-09.",https://www.dol.gov/sites/dolgov/files/ETA/oflc/pdfs/LCA_Disclosure_Data_FY2026_Q1.xlsx; https://www.dol.gov/agencies/eta/foreign-labor/performance,"GitHub, Inc.",backend;platform;infrastructure;cloud;distributed-systems;developer-tools,"Recent evidence is lower-volume than the largest sponsors; treat as targeted, posting-specific opportunities and confirm transfer support early."
Samsara,samsara.com,https://www.samsara.com/company/careers/roles,greenhouse,samsara,medium,FY2026 Q1 (2025-10-01 through 2025-12-31 decisions),"DOL FY2026 Q1: 11 Certified H-1B LCA case(s); 9 had software/engineering/platform/security/data/cloud-related titles. Certified cases reported 2 change-employer position(s), 0 new-employment position(s), and 5 continued-employment position(s); latest decision 2025-12-18.",https://www.dol.gov/sites/dolgov/files/ETA/oflc/pdfs/LCA_Disclosure_Data_FY2026_Q1.xlsx; https://www.dol.gov/agencies/eta/foreign-labor/performance,Samsara Inc.,backend;distributed-systems;data-platform;cloud;infrastructure;SRE,Employer-level recent LCA evidence does not guarantee sponsorship or transfer support for every requisition; confirm in the posting or recruiter screen.
Rippling,rippling.com,https://www.rippling.com/careers/open-roles,custom,,medium,FY2026 Q1 (2025-10-01 through 2025-12-31 decisions),"DOL FY2026 Q1: 9 Certified H-1B LCA case(s); 8 had software/engineering/platform/security/data/cloud-related titles. Certified cases reported 7 change-employer position(s), 1 new-employment position(s), and 1 continued-employment position(s); latest decision 2025-12-19.",https://www.dol.gov/sites/dolgov/files/ETA/oflc/pdfs/LCA_Disclosure_Data_FY2026_Q1.xlsx; https://www.dol.gov/agencies/eta/foreign-labor/performance,"People Center, Inc. d/b/a Rippling",backend;platform;infrastructure;cloud;distributed-systems;developer-tools,"DOL evidence appears under legal petitioner People Center, Inc. d/b/a Rippling. Confirm requisition-level transfer support."
Asana,asana.com,https://asana.com/jobs/all,greenhouse,asana,medium,FY2026 Q1 (2025-10-01 through 2025-12-31 decisions),"DOL FY2026 Q1: 6 Certified H-1B LCA case(s); 2 had software/engineering/platform/security/data/cloud-related titles. Certified cases reported 1 change-employer position(s), 0 new-employment position(s), and 2 continued-employment position(s); latest decision 2025-12-19.",https://www.dol.gov/sites/dolgov/files/ETA/oflc/pdfs/LCA_Disclosure_Data_FY2026_Q1.xlsx; https://www.dol.gov/agencies/eta/foreign-labor/performance,"Asana, Inc.",backend;platform;infrastructure;cloud;distributed-systems;developer-tools,Employer-level recent LCA evidence does not guarantee sponsorship or transfer support for every requisition; confirm in the posting or recruiter screen.
Dropbox,dropbox.com,https://www.dropbox.jobs/all-jobs,greenhouse,dropbox,medium,FY2026 Q1 (2025-10-01 through 2025-12-31 decisions),"DOL FY2026 Q1: 7 Certified H-1B LCA case(s); 5 had software/engineering/platform/security/data/cloud-related titles. Certified cases reported 4 change-employer position(s), 1 new-employment position(s), and 0 continued-employment position(s); latest decision 2025-12-24.",https://www.dol.gov/sites/dolgov/files/ETA/oflc/pdfs/LCA_Disclosure_Data_FY2026_Q1.xlsx; https://www.dol.gov/agencies/eta/foreign-labor/performance,"Dropbox, Inc.",backend;distributed-systems;data-platform;cloud;infrastructure;SRE,Employer-level recent LCA evidence does not guarantee sponsorship or transfer support for every requisition; confirm in the posting or recruiter screen.
Box,box.com,https://careers.box.com/,greenhouse,boxinc,high,FY2026 Q1 (2025-10-01 through 2025-12-31 decisions),"DOL FY2026 Q1: 12 Certified H-1B LCA case(s); 9 had software/engineering/platform/security/data/cloud-related titles. Certified cases reported 9 change-employer position(s), 0 new-employment position(s), and 3 continued-employment position(s); latest decision 2025-12-29.",https://www.dol.gov/sites/dolgov/files/ETA/oflc/pdfs/LCA_Disclosure_Data_FY2026_Q1.xlsx; https://www.dol.gov/agencies/eta/foreign-labor/performance,"Box, Inc.",backend;distributed-systems;data-platform;cloud;infrastructure;SRE,Employer-level recent LCA evidence does not guarantee sponsorship or transfer support for every requisition; confirm in the posting or recruiter screen.
HubSpot,hubspot.com,https://www.hubspot.com/careers/jobs,custom,,high,FY2026 Q1 (2025-10-01 through 2025-12-31 decisions),"DOL FY2026 Q1: 39 Certified H-1B LCA case(s); 29 had software/engineering/platform/security/data/cloud-related titles. Certified cases reported 10 change-employer position(s), 6 new-employment position(s), and 2 continued-employment position(s); latest decision 2025-12-29.",https://www.dol.gov/sites/dolgov/files/ETA/oflc/pdfs/LCA_Disclosure_Data_FY2026_Q1.xlsx; https://www.dol.gov/agencies/eta/foreign-labor/performance,"HubSpot, Inc.",backend;Java;Spring;cloud;platform;distributed-systems;security,Employer-level recent LCA evidence does not guarantee sponsorship or transfer support for every requisition; confirm in the posting or recruiter screen.
Zoom,zoom.us,https://careers.zoom.us/home,custom,,high,FY2026 Q1 (2025-10-01 through 2025-12-31 decisions),"DOL FY2026 Q1: 19 Certified H-1B LCA case(s); 12 had software/engineering/platform/security/data/cloud-related titles. Certified cases reported 11 change-employer position(s), 0 new-employment position(s), and 6 continued-employment position(s); latest decision 2025-12-30.",https://www.dol.gov/sites/dolgov/files/ETA/oflc/pdfs/LCA_Disclosure_Data_FY2026_Q1.xlsx; https://www.dol.gov/agencies/eta/foreign-labor/performance,"Zoom Communications, Inc.",backend;platform;infrastructure;cloud;distributed-systems;developer-tools,Employer-level recent LCA evidence does not guarantee sponsorship or transfer support for every requisition; confirm in the posting or recruiter screen.
DocuSign,docusign.com,https://careers.docusign.com/careers-home/jobs,custom,,high,FY2026 Q1 (2025-10-01 through 2025-12-31 decisions),"DOL FY2026 Q1: 73 Certified H-1B LCA case(s); 62 had software/engineering/platform/security/data/cloud-related titles. Certified cases reported 11 change-employer position(s), 2 new-employment position(s), and 50 continued-employment position(s); latest decision 2025-12-23.",https://www.dol.gov/sites/dolgov/files/ETA/oflc/pdfs/LCA_Disclosure_Data_FY2026_Q1.xlsx; https://www.dol.gov/agencies/eta/foreign-labor/performance,"DocuSign Inc.; DocuSign, Inc.; Docusign Inc.; Docusign, Inc.",backend;Java;Spring;cloud;platform;distributed-systems;security,Employer-level recent LCA evidence does not guarantee sponsorship or transfer support for every requisition; confirm in the posting or recruiter screen.
OpenAI,openai.com,https://openai.com/careers/search/,ashby,openai,high,FY2026 Q1 (2025-10-01 through 2025-12-31 decisions),"DOL FY2026 Q1: 57 Certified H-1B LCA case(s); 43 had software/engineering/platform/security/data/cloud-related titles. Certified cases reported 53 change-employer position(s), 1 new-employment position(s), and 2 continued-employment position(s); latest decision 2025-12-26.",https://www.dol.gov/sites/dolgov/files/ETA/oflc/pdfs/LCA_Disclosure_Data_FY2026_Q1.xlsx; https://www.dol.gov/agencies/eta/foreign-labor/performance,"OpenAI OpCo, LLC",backend;distributed-systems;platform;infrastructure;security;SRE;AI-systems,Very selective and many roles skew senior or specialized; retain only explicit 3–5 YOE backend/platform/infrastructure/security fits. Employer-level recent LCA evidence does not guarantee sponsorship or transfer support for every requisition; confirm in the posting or recruiter screen.
Anthropic,anthropic.com,https://www.anthropic.com/careers/jobs,greenhouse,anthropic,high,FY2026 Q1 (2025-10-01 through 2025-12-31 decisions),"DOL FY2026 Q1: 22 Certified H-1B LCA case(s); 17 had software/engineering/platform/security/data/cloud-related titles. Certified cases reported 47 change-employer position(s), 1 new-employment position(s), and 1 continued-employment position(s); latest decision 2025-12-30.",https://www.dol.gov/sites/dolgov/files/ETA/oflc/pdfs/LCA_Disclosure_Data_FY2026_Q1.xlsx; https://www.dol.gov/agencies/eta/foreign-labor/performance,"Anthropic, PBC",backend;distributed-systems;platform;infrastructure;security;SRE;AI-systems,Very selective and many roles skew senior or specialized; retain only explicit 3–5 YOE backend/platform/infrastructure/security fits. Employer-level recent LCA evidence does not guarantee sponsorship or transfer support for every requisition; confirm in the posting or recruiter screen.
Figma,figma.com,https://www.figma.com/careers/,greenhouse,figma,high,FY2026 Q1 (2025-10-01 through 2025-12-31 decisions),"DOL FY2026 Q1: 12 Certified H-1B LCA case(s); 9 had software/engineering/platform/security/data/cloud-related titles. Certified cases reported 5 change-employer position(s), 0 new-employment position(s), and 5 continued-employment position(s); latest decision 2025-12-11.",https://www.dol.gov/sites/dolgov/files/ETA/oflc/pdfs/LCA_Disclosure_Data_FY2026_Q1.xlsx; https://www.dol.gov/agencies/eta/foreign-labor/performance,"Figma, Inc.",backend;platform;infrastructure;cloud;distributed-systems;developer-tools,Very selective and many roles skew senior or specialized; retain only explicit 3–5 YOE backend/platform/infrastructure/security fits. Employer-level recent LCA evidence does not guarantee sponsorship or transfer support for every requisition; confirm in the posting or recruiter screen.
Notion,notion.com,https://www.notion.com/careers,ashby,notion,medium,FY2026 Q1 (2025-10-01 through 2025-12-31 decisions),"DOL FY2026 Q1: 9 Certified H-1B LCA case(s); 7 had software/engineering/platform/security/data/cloud-related titles. Certified cases reported 5 change-employer position(s), 0 new-employment position(s), and 2 continued-employment position(s); latest decision 2025-12-23.",https://www.dol.gov/sites/dolgov/files/ETA/oflc/pdfs/LCA_Disclosure_Data_FY2026_Q1.xlsx; https://www.dol.gov/agencies/eta/foreign-labor/performance,"Notion Labs, Inc.",backend;platform;infrastructure;cloud;distributed-systems;developer-tools,Very selective and many roles skew senior or specialized; retain only explicit 3–5 YOE backend/platform/infrastructure/security fits. Employer-level recent LCA evidence does not guarantee sponsorship or transfer support for every requisition; confirm in the posting or recruiter screen.
Scale AI,scale.com,https://scale.com/careers,greenhouse,scaleai,high,FY2026 Q1 (2025-10-01 through 2025-12-31 decisions),"DOL FY2026 Q1: 10 Certified H-1B LCA case(s); 6 had software/engineering/platform/security/data/cloud-related titles. Certified cases reported 7 change-employer position(s), 2 new-employment position(s), and 0 continued-employment position(s); latest decision 2025-12-26.",https://www.dol.gov/sites/dolgov/files/ETA/oflc/pdfs/LCA_Disclosure_Data_FY2026_Q1.xlsx; https://www.dol.gov/agencies/eta/foreign-labor/performance,"Scale AI, Inc.",backend;distributed-systems;platform;infrastructure;security;SRE;AI-systems,Very selective and many roles skew senior or specialized; retain only explicit 3–5 YOE backend/platform/infrastructure/security fits. Employer-level recent LCA evidence does not guarantee sponsorship or transfer support for every requisition; confirm in the posting or recruiter screen.
Vercel,vercel.com,https://vercel.com/careers,greenhouse,vercel,medium,FY2026 Q1 (2025-10-01 through 2025-12-31 decisions),"DOL FY2026 Q1: 3 Certified H-1B LCA case(s); 3 had software/engineering/platform/security/data/cloud-related titles. Certified cases reported 3 change-employer position(s), 0 new-employment position(s), and 0 continued-employment position(s); latest decision 2025-12-22.",https://www.dol.gov/sites/dolgov/files/ETA/oflc/pdfs/LCA_Disclosure_Data_FY2026_Q1.xlsx; https://www.dol.gov/agencies/eta/foreign-labor/performance,"Vercel, Inc.",backend;platform;infrastructure;cloud;distributed-systems;developer-tools,"Recent evidence is lower-volume than the largest sponsors; treat as targeted, posting-specific opportunities and confirm transfer support early."
