canonical_name,domain,careers_url,ats_type,ats_identifier/base_url,sponsorship_confidence,sponsorship_recent_year,evidence_summary,evidence_url(s),role_fit_tags,caveats,sector,fy2025_q4_certified_records,fy2025_q4_softwareish_records,fy2025_q4_change_employer_positions,matched_legal_employers
Salesforce,salesforce.com,https://www.salesforce.com/company/careers/jobs/,custom,https://www.salesforce.com/company/careers/jobs/,high,FY2025-Q4,DOL OFLC FY2025 Q4: 445 certified/certified-withdrawn LCA records matched to named legal employer(s); 410 had software/engineering/platform/security/cloud-like titles; CHANGE_EMPLOYER positions=140.,https://www.dol.gov/sites/dolgov/files/ETA/oflc/pdfs/LCA_Disclosure_Data_FY2025_Q4.xlsx; https://www.dol.gov/agencies/eta/foreign-labor/performance,backend;distributed-systems;platform;security;SRE;Java;AWS,Employer-level LCA evidence is not a promise that a particular requisition sponsors or transfers H-1B. Large catalog; retain hands-on IC roles in the target experience band.,Enterprise SaaS,445,410,140,"Salesforce, Inc. (445)"
ServiceNow,servicenow.com,https://careers.servicenow.com/jobs/,smartrecruiters,ServiceNow,high,FY2025-Q4,DOL OFLC FY2025 Q4: 116 certified/certified-withdrawn LCA records matched to named legal employer(s); 99 had software/engineering/platform/security/cloud-like titles; CHANGE_EMPLOYER positions=81.,https://www.dol.gov/sites/dolgov/files/ETA/oflc/pdfs/LCA_Disclosure_Data_FY2025_Q4.xlsx; https://www.dol.gov/agencies/eta/foreign-labor/performance,backend;distributed-systems;platform;security;SRE;Java;AWS,Employer-level LCA evidence is not a promise that a particular requisition sponsors or transfers H-1B. Product and platform teams are the best match.,Enterprise SaaS,116,99,81,"ServiceNow, Inc. (116)"
Adobe,adobe.com,https://careers.adobe.com/us/en/search-results,phenom,https://careers.adobe.com/us/en/search-results,high,FY2025-Q4,DOL OFLC FY2025 Q4: 136 certified/certified-withdrawn LCA records matched to named legal employer(s); 111 had software/engineering/platform/security/cloud-like titles; CHANGE_EMPLOYER positions=44.,https://www.dol.gov/sites/dolgov/files/ETA/oflc/pdfs/LCA_Disclosure_Data_FY2025_Q4.xlsx; https://www.dol.gov/agencies/eta/foreign-labor/performance,backend;distributed-systems;platform;security;SRE;Java;AWS,Employer-level LCA evidence is not a promise that a particular requisition sponsors or transfers H-1B. Prioritize cloud platform and security roles over creative-client roles.,Enterprise SaaS,136,111,44,Adobe Inc. (136)
Workday,workday.com,https://workday.wd5.myworkdayjobs.com/Workday,workday,workday:wd5:Workday,high,FY2025-Q4,DOL OFLC FY2025 Q4: 53 certified/certified-withdrawn LCA records matched to named legal employer(s); 49 had software/engineering/platform/security/cloud-like titles; CHANGE_EMPLOYER positions=11.,https://www.dol.gov/sites/dolgov/files/ETA/oflc/pdfs/LCA_Disclosure_Data_FY2025_Q4.xlsx; https://www.dol.gov/agencies/eta/foreign-labor/performance,backend;distributed-systems;platform;security;SRE;Java;AWS,Employer-level LCA evidence is not a promise that a particular requisition sponsors or transfers H-1B. Some roles are Workday-product specialists rather than general backend engineering.,Enterprise SaaS,53,49,11,"Workday, Inc. (53)"
Atlassian,atlassian.com,https://www.atlassian.com/company/careers/all-jobs,custom,https://www.atlassian.com/company/careers/all-jobs,high,FY2025-Q4,DOL OFLC FY2025 Q4: 92 certified/certified-withdrawn LCA records matched to named legal employer(s); 80 had software/engineering/platform/security/cloud-like titles; CHANGE_EMPLOYER positions=38.,https://www.dol.gov/sites/dolgov/files/ETA/oflc/pdfs/LCA_Disclosure_Data_FY2025_Q4.xlsx; https://www.dol.gov/agencies/eta/foreign-labor/performance,backend;distributed-systems;platform;security;SRE;Java;AWS,Employer-level LCA evidence is not a promise that a particular requisition sponsors or transfers H-1B. Remote/location eligibility must be checked per requisition.,Enterprise SaaS,92,80,38,"Atlassian US, Inc. (60); Atlassian US, Inc (31); Atlassian US Inc (1)"
Snowflake,snowflake.com,https://careers.snowflake.com/us/en/search-results,phenom,https://careers.snowflake.com/us/en/search-results,high,FY2025-Q4,DOL OFLC FY2025 Q4: 110 certified/certified-withdrawn LCA records matched to named legal employer(s); 100 had software/engineering/platform/security/cloud-like titles; CHANGE_EMPLOYER positions=64.,https://www.dol.gov/sites/dolgov/files/ETA/oflc/pdfs/LCA_Disclosure_Data_FY2025_Q4.xlsx; https://www.dol.gov/agencies/eta/foreign-labor/performance,backend;distributed-systems;platform;security;SRE;cloud,Employer-level LCA evidence is not a promise that a particular requisition sponsors or transfers H-1B. Many core database roles have a high systems/C++ bar; target services and cloud-platform teams.,Enterprise SaaS,110,100,64,Snowflake Inc. (110)
Datadog,datadoghq.com,https://careers.datadoghq.com/,greenhouse,datadog,high,FY2025-Q4,DOL OFLC FY2025 Q4: 25 certified/certified-withdrawn LCA records matched to named legal employer(s); 20 had software/engineering/platform/security/cloud-like titles; CHANGE_EMPLOYER positions=9.,https://www.dol.gov/sites/dolgov/files/ETA/oflc/pdfs/LCA_Disclosure_Data_FY2025_Q4.xlsx; https://www.dol.gov/agencies/eta/foreign-labor/performance,backend;distributed-systems;platform;security;SRE;cloud,Employer-level LCA evidence is not a promise that a particular requisition sponsors or transfers H-1B. Senior leveling varies by team; verify years and scope.,Enterprise SaaS,25,20,9,"Datadog, Inc. (25)"
Cloudflare,cloudflare.com,https://www.cloudflare.com/careers/jobs/,greenhouse,cloudflare,high,FY2025-Q4,DOL OFLC FY2025 Q4: 27 certified/certified-withdrawn LCA records matched to named legal employer(s); 24 had software/engineering/platform/security/cloud-like titles; CHANGE_EMPLOYER positions=10.,https://www.dol.gov/sites/dolgov/files/ETA/oflc/pdfs/LCA_Disclosure_Data_FY2025_Q4.xlsx; https://www.dol.gov/agencies/eta/foreign-labor/performance,backend;distributed-systems;platform;security;SRE;cloud,Employer-level LCA evidence is not a promise that a particular requisition sponsors or transfers H-1B. Some roles are network-systems focused; retain application/platform/security matches.,Enterprise SaaS,27,24,10,"CLOUDFLARE, INC. (27)"
MongoDB,mongodb.com,https://www.mongodb.com/company/careers/teams/engineering,greenhouse,mongodb,high,FY2025-Q4,DOL OFLC FY2025 Q4: 45 certified/certified-withdrawn LCA records matched to named legal employer(s); 39 had software/engineering/platform/security/cloud-like titles; CHANGE_EMPLOYER positions=91.,https://www.dol.gov/sites/dolgov/files/ETA/oflc/pdfs/LCA_Disclosure_Data_FY2025_Q4.xlsx; https://www.dol.gov/agencies/eta/foreign-labor/performance,backend;distributed-systems;platform;security;SRE;cloud,Employer-level LCA evidence is not a promise that a particular requisition sponsors or transfers H-1B. Core storage roles may expect database internals; cloud control-plane teams are closer fits.,Enterprise SaaS,45,39,91,"MONGODB, INC. (45)"
Confluent,confluent.io,https://careers.confluent.io/open-positions/united_states,custom,https://careers.confluent.io/open-positions/united_states,high,FY2025-Q4,DOL OFLC FY2025 Q4: 34 certified/certified-withdrawn LCA records matched to named legal employer(s); 31 had software/engineering/platform/security/cloud-like titles; CHANGE_EMPLOYER positions=7.,https://www.dol.gov/sites/dolgov/files/ETA/oflc/pdfs/LCA_Disclosure_Data_FY2025_Q4.xlsx; https://www.dol.gov/agencies/eta/foreign-labor/performance,backend;distributed-systems;platform;security;SRE;Java;Kafka;AWS,"Employer-level LCA evidence is not a promise that a particular requisition sponsors or transfers H-1B. Excellent domain fit, but many open IC roles are senior/staff; enforce YOE filters.",Enterprise SaaS,34,31,7,"Confluent, Inc. (34)"
Okta,okta.com,https://www.okta.com/company/careers/,greenhouse,okta,high,FY2025-Q4,DOL OFLC FY2025 Q4: 35 certified/certified-withdrawn LCA records matched to named legal employer(s); 29 had software/engineering/platform/security/cloud-like titles; CHANGE_EMPLOYER positions=8.,https://www.dol.gov/sites/dolgov/files/ETA/oflc/pdfs/LCA_Disclosure_Data_FY2025_Q4.xlsx; https://www.dol.gov/agencies/eta/foreign-labor/performance,backend;distributed-systems;platform;identity-security;SRE;Java;AWS,Employer-level LCA evidence is not a promise that a particular requisition sponsors or transfers H-1B. Strong security fit; separate customer-facing roles from product engineering.,Enterprise SaaS,35,29,8,"Okta, Inc.  (35)"
Twilio,twilio.com,https://jobs.twilio.com/careers,greenhouse,twilio,high,FY2025-Q4,DOL OFLC FY2025 Q4: 35 certified/certified-withdrawn LCA records matched to named legal employer(s); 32 had software/engineering/platform/security/cloud-like titles; CHANGE_EMPLOYER positions=7.,https://www.dol.gov/sites/dolgov/files/ETA/oflc/pdfs/LCA_Disclosure_Data_FY2025_Q4.xlsx; https://www.dol.gov/agencies/eta/foreign-labor/performance,backend;distributed-systems;platform;security;SRE;Java;AWS,Employer-level LCA evidence is not a promise that a particular requisition sponsors or transfers H-1B. Remote eligibility and location-based hiring vary.,Enterprise SaaS,35,32,7,"Twilio, Inc. (35)"
HubSpot,hubspot.com,https://www.hubspot.com/careers/jobs,greenhouse,hubspotjobs,high,FY2025-Q4,DOL OFLC FY2025 Q4: 31 certified/certified-withdrawn LCA records matched to named legal employer(s); 27 had software/engineering/platform/security/cloud-like titles; CHANGE_EMPLOYER positions=7.,https://www.dol.gov/sites/dolgov/files/ETA/oflc/pdfs/LCA_Disclosure_Data_FY2025_Q4.xlsx; https://www.dol.gov/agencies/eta/foreign-labor/performance,backend;distributed-systems;platform;security;SRE;Java;AWS,Employer-level LCA evidence is not a promise that a particular requisition sponsors or transfers H-1B. Prioritize backend infrastructure; many postings are go-to-market roles.,Enterprise SaaS,31,27,7,"HubSpot, Inc. (31)"
Zoom,zoom.us,https://careers.zoom.us/jobs/search,workday,zoom:wd5:Zoom,high,FY2025-Q4,DOL OFLC FY2025 Q4: 20 certified/certified-withdrawn LCA records matched to named legal employer(s); 17 had software/engineering/platform/security/cloud-like titles; CHANGE_EMPLOYER positions=11.,https://www.dol.gov/sites/dolgov/files/ETA/oflc/pdfs/LCA_Disclosure_Data_FY2025_Q4.xlsx; https://www.dol.gov/agencies/eta/foreign-labor/performance,backend;distributed-systems;platform;security;SRE;cloud,Employer-level LCA evidence is not a promise that a particular requisition sponsors or transfers H-1B. Do not confuse with ZoomInfo; legal-employer match is exact.,Enterprise SaaS,20,17,11,"Zoom Communications, Inc. (20)"
DocuSign,docusign.com,https://careers.docusign.com/careers-home/jobs/,phenom,https://careers.docusign.com/careers-home/jobs/,high,FY2025-Q4,DOL OFLC FY2025 Q4: 71 certified/certified-withdrawn LCA records matched to named legal employer(s); 66 had software/engineering/platform/security/cloud-like titles; CHANGE_EMPLOYER positions=30.,https://www.dol.gov/sites/dolgov/files/ETA/oflc/pdfs/LCA_Disclosure_Data_FY2025_Q4.xlsx; https://www.dol.gov/agencies/eta/foreign-labor/performance,backend;distributed-systems;platform;security;SRE;Java;AWS,Employer-level LCA evidence is not a promise that a particular requisition sponsors or transfers H-1B. Brand capitalization varies in DOL records; records are normalized by regex.,Enterprise SaaS,71,66,30,"Docusign, Inc. (26); Docusign Inc.  (22); DocuSign Inc.  (22); Docusign Inc. (1)"
Dropbox,dropbox.com,https://www.dropbox.jobs/en/jobs/,custom,https://www.dropbox.jobs/en/jobs/,medium,FY2025-Q4,DOL OFLC FY2025 Q4: 14 certified/certified-withdrawn LCA records matched to named legal employer(s); 10 had software/engineering/platform/security/cloud-like titles; CHANGE_EMPLOYER positions=5.,https://www.dol.gov/sites/dolgov/files/ETA/oflc/pdfs/LCA_Disclosure_Data_FY2025_Q4.xlsx; https://www.dol.gov/agencies/eta/foreign-labor/performance,backend;distributed-systems;platform;security;SRE;cloud,Employer-level LCA evidence is not a promise that a particular requisition sponsors or transfers H-1B. US openings can be limited and leveling often skews senior.,Enterprise SaaS,14,10,5,"Dropbox, Inc. (14)"
Box,box.com,https://www.box.com/careers/jobs,greenhouse,boxinc,high,FY2025-Q4,DOL OFLC FY2025 Q4: 30 certified/certified-withdrawn LCA records matched to named legal employer(s); 30 had software/engineering/platform/security/cloud-like titles; CHANGE_EMPLOYER positions=10.,https://www.dol.gov/sites/dolgov/files/ETA/oflc/pdfs/LCA_Disclosure_Data_FY2025_Q4.xlsx; https://www.dol.gov/agencies/eta/foreign-labor/performance,backend;distributed-systems;platform;security;SRE;Java;AWS,Employer-level LCA evidence is not a promise that a particular requisition sponsors or transfers H-1B. Exact legal-employer match excludes Dropbox/Mapbox/other false substring hits.,Enterprise SaaS,30,30,10," Box, Inc. (30)"
Nutanix,nutanix.com,https://nutanix.wd1.myworkdayjobs.com/Nutanix,workday,nutanix:wd1:Nutanix,high,FY2025-Q4,DOL OFLC FY2025 Q4: 32 certified/certified-withdrawn LCA records matched to named legal employer(s); 29 had software/engineering/platform/security/cloud-like titles; CHANGE_EMPLOYER positions=6.,https://www.dol.gov/sites/dolgov/files/ETA/oflc/pdfs/LCA_Disclosure_Data_FY2025_Q4.xlsx; https://www.dol.gov/agencies/eta/foreign-labor/performance,backend;distributed-systems;platform;security;SRE;cloud,Employer-level LCA evidence is not a promise that a particular requisition sponsors or transfers H-1B. Core roles may be systems/C++; target cloud control plane and platform services.,Enterprise SaaS,32,29,6,"Nutanix, Inc. (32)"
Palantir,palantir.com,https://www.palantir.com/careers/,lever,palantir,medium,FY2025-Q4,DOL OFLC FY2025 Q4: 16 certified/certified-withdrawn LCA records matched to named legal employer(s); 12 had software/engineering/platform/security/cloud-like titles; CHANGE_EMPLOYER positions=8.,https://www.dol.gov/sites/dolgov/files/ETA/oflc/pdfs/LCA_Disclosure_Data_FY2025_Q4.xlsx; https://www.dol.gov/agencies/eta/foreign-labor/performance,backend;distributed-systems;platform;security;SRE;Java;cloud,Employer-level LCA evidence is not a promise that a particular requisition sponsors or transfers H-1B. Some roles require clearance or travel; exclude those when incompatible.,Enterprise SaaS,16,12,8,PALANTIR TECHNOLOGIES INC. (16)
CrowdStrike,crowdstrike.com,https://crowdstrike.wd5.myworkdayjobs.com/crowdstrikecareers,workday,crowdstrike:wd5:crowdstrikecareers,high,FY2025-Q4,DOL OFLC FY2025 Q4: 40 certified/certified-withdrawn LCA records matched to named legal employer(s); 34 had software/engineering/platform/security/cloud-like titles; CHANGE_EMPLOYER positions=8.,https://www.dol.gov/sites/dolgov/files/ETA/oflc/pdfs/LCA_Disclosure_Data_FY2025_Q4.xlsx; https://www.dol.gov/agencies/eta/foreign-labor/performance,backend;distributed-systems;platform;security;SRE;cloud,Employer-level LCA evidence is not a promise that a particular requisition sponsors or transfers H-1B. Strong security fit; retain product/cloud IC roles within level range.,Enterprise SaaS,40,34,8,"CrowdStrike, Inc. (40)"
Zscaler,zscaler.com,https://www.zscaler.com/careers/search,smartrecruiters,Zscaler,high,FY2025-Q4,DOL OFLC FY2025 Q4: 24 certified/certified-withdrawn LCA records matched to named legal employer(s); 22 had software/engineering/platform/security/cloud-like titles; CHANGE_EMPLOYER positions=9.,https://www.dol.gov/sites/dolgov/files/ETA/oflc/pdfs/LCA_Disclosure_Data_FY2025_Q4.xlsx; https://www.dol.gov/agencies/eta/foreign-labor/performance,backend;distributed-systems;platform;network-security;SRE;cloud,Employer-level LCA evidence is not a promise that a particular requisition sponsors or transfers H-1B. Many roles are network-security-specific; backend/cloud openings are the best fit.,Enterprise SaaS,24,22,9,"Zscaler, Inc. (24)"
Palo Alto Networks,paloaltonetworks.com,https://jobs.paloaltonetworks.com/en/search-jobs,phenom,https://jobs.paloaltonetworks.com/en/search-jobs,high,FY2025-Q4,DOL OFLC FY2025 Q4: 97 certified/certified-withdrawn LCA records matched to named legal employer(s); 88 had software/engineering/platform/security/cloud-like titles; CHANGE_EMPLOYER positions=189.,https://www.dol.gov/sites/dolgov/files/ETA/oflc/pdfs/LCA_Disclosure_Data_FY2025_Q4.xlsx; https://www.dol.gov/agencies/eta/foreign-labor/performance,backend;distributed-systems;platform;network-security;SRE;cloud,Employer-level LCA evidence is not a promise that a particular requisition sponsors or transfers H-1B. Strong security fit; avoid principal/staff roles and specialized hardware roles.,Enterprise SaaS,97,88,189,"Palo Alto Networks, Inc. (96); Palo Alto Networks, INC (1)"
Rubrik,rubrik.com,https://www.rubrik.com/company/careers,greenhouse,rubrik,high,FY2025-Q4,DOL OFLC FY2025 Q4: 22 certified/certified-withdrawn LCA records matched to named legal employer(s); 18 had software/engineering/platform/security/cloud-like titles; CHANGE_EMPLOYER positions=5.,https://www.dol.gov/sites/dolgov/files/ETA/oflc/pdfs/LCA_Disclosure_Data_FY2025_Q4.xlsx; https://www.dol.gov/agencies/eta/foreign-labor/performance,backend;distributed-systems;platform;security;SRE;cloud,Employer-level LCA evidence is not a promise that a particular requisition sponsors or transfers H-1B. Storage internals roles may be specialized; cloud platform/security teams fit better.,Enterprise SaaS,22,18,5,"Rubrik, Inc. (21); Rubrik, Inc.  (1)"
Samsara,samsara.com,https://www.samsara.com/company/careers/roles,greenhouse,samsara,medium,FY2025-Q4,DOL OFLC FY2025 Q4: 13 certified/certified-withdrawn LCA records matched to named legal employer(s); 9 had software/engineering/platform/security/cloud-like titles; CHANGE_EMPLOYER positions=5.,https://www.dol.gov/sites/dolgov/files/ETA/oflc/pdfs/LCA_Disclosure_Data_FY2025_Q4.xlsx; https://www.dol.gov/agencies/eta/foreign-labor/performance,backend;distributed-systems;platform;security;SRE;cloud,Employer-level LCA evidence is not a promise that a particular requisition sponsors or transfers H-1B. Some product roles are IoT/embedded; target cloud infrastructure and backend.,Enterprise SaaS,13,9,5,Samsara Inc. (13)
Figma,figma.com,https://www.figma.com/careers/,greenhouse,figma,medium,FY2025-Q4,DOL OFLC FY2025 Q4: 9 certified/certified-withdrawn LCA records matched to named legal employer(s); 5 had software/engineering/platform/security/cloud-like titles; CHANGE_EMPLOYER positions=4.,https://www.dol.gov/sites/dolgov/files/ETA/oflc/pdfs/LCA_Disclosure_Data_FY2025_Q4.xlsx; https://www.dol.gov/agencies/eta/foreign-labor/performance,backend;distributed-systems;platform;security;SRE;cloud,Employer-level LCA evidence is not a promise that a particular requisition sponsors or transfers H-1B. Small current LCA sample; confirm transfer support before investing heavily.,Enterprise SaaS,9,5,4,"Figma, Inc. (9)"
JPMorgan Chase,jpmorganchase.com,https://jpmc.fa.oraclecloud.com/hcmUI/CandidateExperience/en/sites/CX_1001/jobs,oracle,jpmc.fa.oraclecloud.com:CX_1001,high,FY2025-Q4,DOL OFLC FY2025 Q4: 629 certified/certified-withdrawn LCA records matched to named legal employer(s); 475 had software/engineering/platform/security/cloud-like titles; CHANGE_EMPLOYER positions=39.,https://www.dol.gov/sites/dolgov/files/ETA/oflc/pdfs/LCA_Disclosure_Data_FY2025_Q4.xlsx; https://www.dol.gov/agencies/eta/foreign-labor/performance,backend;distributed-systems;platform;security;SRE;Java;AWS,Employer-level LCA evidence is not a promise that a particular requisition sponsors or transfers H-1B. Engineering titles can be generic; retain hands-on software roles in target level.,Banking & Payments,629,475,39,JPMorgan Chase & Co. (624); JPMORGAN CHASE & CO. (5)
Capital One,capitalone.com,https://www.capitalonecareers.com/search-jobs,phenom,https://www.capitalonecareers.com/search-jobs,high,FY2025-Q4,DOL OFLC FY2025 Q4: 220 certified/certified-withdrawn LCA records matched to named legal employer(s); 113 had software/engineering/platform/security/cloud-like titles; CHANGE_EMPLOYER positions=58.,https://www.dol.gov/sites/dolgov/files/ETA/oflc/pdfs/LCA_Disclosure_Data_FY2025_Q4.xlsx; https://www.dol.gov/agencies/eta/foreign-labor/performance,backend;distributed-systems;platform;security;SRE;Java;AWS,Employer-level LCA evidence is not a promise that a particular requisition sponsors or transfers H-1B. Visa support is role-specific despite substantial employer-level activity.,Banking & Payments,220,113,58,"Capital One Services, LLC (153); Capital One, National Association (67)"
Goldman Sachs,goldmansachs.com,https://higher.gs.com/results,custom,https://higher.gs.com/results,high,FY2025-Q4,DOL OFLC FY2025 Q4: 287 certified/certified-withdrawn LCA records matched to named legal employer(s); 156 had software/engineering/platform/security/cloud-like titles; CHANGE_EMPLOYER positions=93.,https://www.dol.gov/sites/dolgov/files/ETA/oflc/pdfs/LCA_Disclosure_Data_FY2025_Q4.xlsx; https://www.dol.gov/agencies/eta/foreign-labor/performance,backend;distributed-systems;platform;security;SRE;Java;cloud,Employer-level LCA evidence is not a promise that a particular requisition sponsors or transfers H-1B. Filter out quant/finance-specialist jobs that do not match backend scope.,Banking & Payments,287,156,93,"GOLDMAN SACHS & CO. LLC (160); GOLDMAN SACHS SERVICES LLC (87); GOLDMAN SACHS BANK USA (33); GOLDMAN SACHS WEALTH SERVICES, L.P. (6); Goldman Sachs Wealth Services, L.P. (1)"
Morgan Stanley,morganstanley.com,https://morganstanley.eightfold.ai/careers,eightfold,morganstanley.eightfold.ai,high,FY2025-Q4,DOL OFLC FY2025 Q4: 216 certified/certified-withdrawn LCA records matched to named legal employer(s); 156 had software/engineering/platform/security/cloud-like titles; CHANGE_EMPLOYER positions=57.,https://www.dol.gov/sites/dolgov/files/ETA/oflc/pdfs/LCA_Disclosure_Data_FY2025_Q4.xlsx; https://www.dol.gov/agencies/eta/foreign-labor/performance,backend;distributed-systems;platform;security;SRE;Java;cloud,Employer-level LCA evidence is not a promise that a particular requisition sponsors or transfers H-1B. Many titles omit software keywords; description parsing is important.,Banking & Payments,216,156,57,"Morgan Stanley Services Group Inc. (169); Morgan Stanley & Co., LLC (20); Morgan Stanley Services Group, Inc. (8); Morgan Stanley Smith Barney LLC (5); Morgan Stanley Investment Management Inc. (3); Morgan Stanley Bank N.A. (3); Morgan Stanley Fund Services Inc. (3); Morgan Stanley Private Bank, NA (2); Morgan Stanley Private Bank NA (2); Morgan Stanley & Co, LLC. (1)"
Bank of America,bankofamerica.com,https://careers.bankofamerica.com/en-us/job-search,custom,https://careers.bankofamerica.com/en-us/job-search,high,FY2025-Q4,DOL OFLC FY2025 Q4: 139 certified/certified-withdrawn LCA records matched to named legal employer(s); 103 had software/engineering/platform/security/cloud-like titles; CHANGE_EMPLOYER positions=12.,https://www.dol.gov/sites/dolgov/files/ETA/oflc/pdfs/LCA_Disclosure_Data_FY2025_Q4.xlsx; https://www.dol.gov/agencies/eta/foreign-labor/performance,backend;distributed-systems;platform;security;SRE;Java;cloud,Employer-level LCA evidence is not a promise that a particular requisition sponsors or transfers H-1B. Employer-level evidence does not imply every business unit transfers H-1B.,Banking & Payments,139,103,12,BANK OF AMERICA N.A. (139)
Citi,citi.com,https://jobs.citi.com/search-jobs,phenom,https://jobs.citi.com/search-jobs,high,FY2025-Q4,DOL OFLC FY2025 Q4: 425 certified/certified-withdrawn LCA records matched to named legal employer(s); 271 had software/engineering/platform/security/cloud-like titles; CHANGE_EMPLOYER positions=64.,https://www.dol.gov/sites/dolgov/files/ETA/oflc/pdfs/LCA_Disclosure_Data_FY2025_Q4.xlsx; https://www.dol.gov/agencies/eta/foreign-labor/performance,backend;distributed-systems;platform;security;SRE;Java;cloud,Employer-level LCA evidence is not a promise that a particular requisition sponsors or transfers H-1B. Prioritize technology organization roles; exclude banking operations.,Banking & Payments,425,271,64,"Citibank, N.A. (425)"
Wells Fargo,wellsfargo.com,https://www.wellsfargojobs.com/en/jobs/,custom,https://www.wellsfargojobs.com/en/jobs/,high,FY2025-Q4,DOL OFLC FY2025 Q4: 116 certified/certified-withdrawn LCA records matched to named legal employer(s); 86 had software/engineering/platform/security/cloud-like titles; CHANGE_EMPLOYER positions=39.,https://www.dol.gov/sites/dolgov/files/ETA/oflc/pdfs/LCA_Disclosure_Data_FY2025_Q4.xlsx; https://www.dol.gov/agencies/eta/foreign-labor/performance,backend;distributed-systems;platform;security;SRE;Java;cloud,Employer-level LCA evidence is not a promise that a particular requisition sponsors or transfers H-1B. Job IDs can move between career-site platforms; canonical apply URL should be retained.,Banking & Payments,116,86,39,"Wells Fargo Bank, N.A. (58); WELLS FARGO BANK, N.A. (55); Wells Fargo Securities, LLC (3)"
American Express,americanexpress.com,https://careers.americanexpress.com/en/sites/CX_1/jobs,oracle,careers.americanexpress.com:CX_1,high,FY2025-Q4,DOL OFLC FY2025 Q4: 165 certified/certified-withdrawn LCA records matched to named legal employer(s); 140 had software/engineering/platform/security/cloud-like titles; CHANGE_EMPLOYER positions=62.,https://www.dol.gov/sites/dolgov/files/ETA/oflc/pdfs/LCA_Disclosure_Data_FY2025_Q4.xlsx; https://www.dol.gov/agencies/eta/foreign-labor/performance,backend;distributed-systems;platform;security;SRE;Java;cloud,Employer-level LCA evidence is not a promise that a particular requisition sponsors or transfers H-1B. Technology roles are a subset of a broad catalog.,Banking & Payments,165,140,62,"American Express Travel Related Services Company, Inc. (151); American Express Company (11); American Express National Bank (3)"
Visa,visa.com,https://visa.wd5.myworkdayjobs.com/Visa,workday,visa:wd5:Visa,high,FY2025-Q4,DOL OFLC FY2025 Q4: 170 certified/certified-withdrawn LCA records matched to named legal employer(s); 144 had software/engineering/platform/security/cloud-like titles; CHANGE_EMPLOYER positions=24.,https://www.dol.gov/sites/dolgov/files/ETA/oflc/pdfs/LCA_Disclosure_Data_FY2025_Q4.xlsx; https://www.dol.gov/agencies/eta/foreign-labor/performance,backend;distributed-systems;platform;security;SRE;Java;cloud,Employer-level LCA evidence is not a promise that a particular requisition sponsors or transfers H-1B. Use exact legal entities; unrelated employers containing 'Visa' are excluded.,Banking & Payments,170,144,24,Visa Technology & Operations LLC (100); Visa U.S.A. Inc. (70)
Mastercard,mastercard.com,https://careers.mastercard.com/us/en/search-results,phenom,https://careers.mastercard.com/us/en/search-results,high,FY2025-Q4,DOL OFLC FY2025 Q4: 172 certified/certified-withdrawn LCA records matched to named legal employer(s); 159 had software/engineering/platform/security/cloud-like titles; CHANGE_EMPLOYER positions=23.,https://www.dol.gov/sites/dolgov/files/ETA/oflc/pdfs/LCA_Disclosure_Data_FY2025_Q4.xlsx; https://www.dol.gov/agencies/eta/foreign-labor/performance,backend;distributed-systems;platform;security;SRE;Java;cloud,Employer-level LCA evidence is not a promise that a particular requisition sponsors or transfers H-1B. Prioritize core technology and cyber roles over consulting/sales.,Banking & Payments,172,159,23,"Mastercard Technologies, LLC (137); Mastercard International Incorporated (35)"
PayPal,paypal.com,https://paypal.eightfold.ai/careers,eightfold,paypal.eightfold.ai,high,FY2025-Q4,DOL OFLC FY2025 Q4: 225 certified/certified-withdrawn LCA records matched to named legal employer(s); 178 had software/engineering/platform/security/cloud-like titles; CHANGE_EMPLOYER positions=86.,https://www.dol.gov/sites/dolgov/files/ETA/oflc/pdfs/LCA_Disclosure_Data_FY2025_Q4.xlsx; https://www.dol.gov/agencies/eta/foreign-labor/performance,backend;distributed-systems;platform;security;SRE;Java;cloud,Employer-level LCA evidence is not a promise that a particular requisition sponsors or transfers H-1B. Some listings may sit under acquired brands; this row covers PayPal legal entities only.,Banking & Payments,225,178,86,"PayPal, Inc. (221); PayPal Data Services, Inc. (4)"
Block,block.xyz,https://block.xyz/careers/jobs,greenhouse,block,high,FY2025-Q4,DOL OFLC FY2025 Q4: 35 certified/certified-withdrawn LCA records matched to named legal employer(s); 23 had software/engineering/platform/security/cloud-like titles; CHANGE_EMPLOYER positions=8.,https://www.dol.gov/sites/dolgov/files/ETA/oflc/pdfs/LCA_Disclosure_Data_FY2025_Q4.xlsx; https://www.dol.gov/agencies/eta/foreign-labor/performance,backend;distributed-systems;platform;security;SRE;cloud,Employer-level LCA evidence is not a promise that a particular requisition sponsors or transfers H-1B. Career catalog includes Square/Cash App/TIDAL units; sponsorship may vary by entity.,Banking & Payments,35,23,8,"Block, Inc. (31); Block, Inc.  (4)"
Stripe,stripe.com,https://stripe.com/careers/search,custom,https://stripe.com/careers/search,high,FY2025-Q4,DOL OFLC FY2025 Q4: 58 certified/certified-withdrawn LCA records matched to named legal employer(s); 38 had software/engineering/platform/security/cloud-like titles; CHANGE_EMPLOYER positions=17.,https://www.dol.gov/sites/dolgov/files/ETA/oflc/pdfs/LCA_Disclosure_Data_FY2025_Q4.xlsx; https://www.dol.gov/agencies/eta/foreign-labor/performance,backend;distributed-systems;platform;security;SRE;Java;cloud,Employer-level LCA evidence is not a promise that a particular requisition sponsors or transfers H-1B. Many IC roles are calibrated senior; accept only explicit 3–5 YOE or equivalent scope.,Banking & Payments,58,38,17,"Stripe, Inc. (58)"
Fiserv,fiserv.com,https://careers.fiserv.com/us/en,phenom,https://careers.fiserv.com/us/en,high,FY2025-Q4,DOL OFLC FY2025 Q4: 94 certified/certified-withdrawn LCA records matched to named legal employer(s); 91 had software/engineering/platform/security/cloud-like titles; CHANGE_EMPLOYER positions=33.,https://www.dol.gov/sites/dolgov/files/ETA/oflc/pdfs/LCA_Disclosure_Data_FY2025_Q4.xlsx; https://www.dol.gov/agencies/eta/foreign-labor/performance,backend;distributed-systems;platform;security;SRE;Java;cloud,Employer-level LCA evidence is not a promise that a particular requisition sponsors or transfers H-1B. Large catalog includes implementation/client roles; enforce software IC filters.,Banking & Payments,94,91,33,"Fiserv Solutions, LLC (94)"
Fidelity Investments,fidelity.com,https://jobs.fidelity.com/en/jobs/,custom,https://jobs.fidelity.com/en/jobs/,high,FY2025-Q4,DOL OFLC FY2025 Q4: 516 certified/certified-withdrawn LCA records matched to named legal employer(s); 474 had software/engineering/platform/security/cloud-like titles; CHANGE_EMPLOYER positions=108.,https://www.dol.gov/sites/dolgov/files/ETA/oflc/pdfs/LCA_Disclosure_Data_FY2025_Q4.xlsx; https://www.dol.gov/agencies/eta/foreign-labor/performance,backend;distributed-systems;platform;security;SRE;Java;AWS,Employer-level LCA evidence is not a promise that a particular requisition sponsors or transfers H-1B. The regex intentionally includes only legal entities using the Fidelity Investments DBA.,Banking & Payments,516,474,108,"Fidelity Technology Group, LLC d/b/a Fidelity Investments (452); FMR LLC d/b/a Fidelity Investments (16); Fidelity Brokerage Services LLC d/b/a Fidelity Investments (12); National Charitable Services LLC d/b/a Fidelity Investments (10); Fidelity Workplace Investing LLC d/b/a Fidelity Investments (7); National Financial Services LLC d/b/a Fidelity Investments (6); Fidelity Investments Institutional Operations Company d/b/a Fidelity Investments (5); Fidelity Management & Research Company LLC d/b/a Fidelity Investments (3); Fidelity Digital Asset Services LLC d/b/a Fidelity Investments (2); Fidelity Distributors Company LLC d/b/a Fidelity Investments (1); Strategic Advisers LLC d/b/a Fidelity Investments (1); Fidelity Service Company, Inc. d/b/a Fidelity Investments (1)"
Charles Schwab,schwab.com,https://www.schwabjobs.com/search-jobs,phenom,https://www.schwabjobs.com/search-jobs,high,FY2025-Q4,DOL OFLC FY2025 Q4: 124 certified/certified-withdrawn LCA records matched to named legal employer(s); 118 had software/engineering/platform/security/cloud-like titles; CHANGE_EMPLOYER positions=22.,https://www.dol.gov/sites/dolgov/files/ETA/oflc/pdfs/LCA_Disclosure_Data_FY2025_Q4.xlsx; https://www.dol.gov/agencies/eta/foreign-labor/performance,backend;distributed-systems;platform;security;SRE;Java;cloud,Employer-level LCA evidence is not a promise that a particular requisition sponsors or transfers H-1B. Technology jobs are concentrated in a few hubs; verify location.,Banking & Payments,124,118,22,"Charles Schwab & Company, Inc. (124)"
State Street,statestreet.com,https://statestreet.wd1.myworkdayjobs.com/Global,workday,statestreet:wd1:Global,high,FY2025-Q4,DOL OFLC FY2025 Q4: 98 certified/certified-withdrawn LCA records matched to named legal employer(s); 67 had software/engineering/platform/security/cloud-like titles; CHANGE_EMPLOYER positions=11.,https://www.dol.gov/sites/dolgov/files/ETA/oflc/pdfs/LCA_Disclosure_Data_FY2025_Q4.xlsx; https://www.dol.gov/agencies/eta/foreign-labor/performance,backend;distributed-systems;platform;security;SRE;Java;cloud,Employer-level LCA evidence is not a promise that a particular requisition sponsors or transfers H-1B. Many roles are financial operations; strict technology-title filtering required.,Banking & Payments,98,67,11,State Street Bank and Trust Company (98)
Coinbase,coinbase.com,https://www.coinbase.com/careers/positions,greenhouse,coinbase,high,FY2025-Q4,DOL OFLC FY2025 Q4: 29 certified/certified-withdrawn LCA records matched to named legal employer(s); 23 had software/engineering/platform/security/cloud-like titles; CHANGE_EMPLOYER positions=17.,https://www.dol.gov/sites/dolgov/files/ETA/oflc/pdfs/LCA_Disclosure_Data_FY2025_Q4.xlsx; https://www.dol.gov/agencies/eta/foreign-labor/performance,backend;distributed-systems;platform;security;SRE;cloud,Employer-level LCA evidence is not a promise that a particular requisition sponsors or transfers H-1B. Crypto hiring is cyclical and many openings are senior; verify current posting and level.,Banking & Payments,29,23,17,"Coinbase, Inc. (29)"
Progressive,progressive.com,https://careers.progressive.com/search/jobs,custom,https://careers.progressive.com/search/jobs,medium,FY2025-Q4,DOL OFLC FY2025 Q4: 18 certified/certified-withdrawn LCA records matched to named legal employer(s); 14 had software/engineering/platform/security/cloud-like titles; CHANGE_EMPLOYER positions=1.,https://www.dol.gov/sites/dolgov/files/ETA/oflc/pdfs/LCA_Disclosure_Data_FY2025_Q4.xlsx; https://www.dol.gov/agencies/eta/foreign-labor/performance,backend;platform;security;SRE;Java;AWS,Employer-level LCA evidence is not a promise that a particular requisition sponsors or transfers H-1B. Transfer evidence is thinner than top tech sponsors; confirm support on each requisition.,Insurance,18,14,1,Progressive Casualty Insurance Company (18)
Liberty Mutual,libertymutualgroup.com,https://searchjobs.libertymutualgroup.com/careers,eightfold,searchjobs.libertymutualgroup.com,high,FY2025-Q4,DOL OFLC FY2025 Q4: 34 certified/certified-withdrawn LCA records matched to named legal employer(s); 21 had software/engineering/platform/security/cloud-like titles; CHANGE_EMPLOYER positions=5.,https://www.dol.gov/sites/dolgov/files/ETA/oflc/pdfs/LCA_Disclosure_Data_FY2025_Q4.xlsx; https://www.dol.gov/agencies/eta/foreign-labor/performance,backend;distributed-systems;platform;security;SRE;Java;AWS,Employer-level LCA evidence is not a promise that a particular requisition sponsors or transfers H-1B. Prefer Liberty Mutual Technology Group roles; sponsorship varies by unit.,Insurance,34,21,5,"Liberty Mutual Technology Group Inc. (22); Liberty Mutual Group Inc. (9); Liberty Mutual Group Asset Management, Inc. (2); Liberty Mutual Insurance Company (1)"
Travelers,travelers.com,https://careers.travelers.com/job-search-results/,workday,travelers:wd5:External,medium,FY2025-Q4,DOL OFLC FY2025 Q4: 17 certified/certified-withdrawn LCA records matched to named legal employer(s); 15 had software/engineering/platform/security/cloud-like titles; CHANGE_EMPLOYER positions=3.,https://www.dol.gov/sites/dolgov/files/ETA/oflc/pdfs/LCA_Disclosure_Data_FY2025_Q4.xlsx; https://www.dol.gov/agencies/eta/foreign-labor/performance,backend;platform;security;SRE;Java;AWS,Employer-level LCA evidence is not a promise that a particular requisition sponsors or transfers H-1B. Current volume is moderate; verify transfer support with recruiting.,Insurance,17,15,3,The Travelers Indemnity Company (17)
Nationwide,nationwide.com,https://nationwide.wd1.myworkdayjobs.com/Nationwide_Career,workday,nationwide:wd1:Nationwide_Career,medium,FY2025-Q4,DOL OFLC FY2025 Q4: 16 certified/certified-withdrawn LCA records matched to named legal employer(s); 13 had software/engineering/platform/security/cloud-like titles; CHANGE_EMPLOYER positions=0.,https://www.dol.gov/sites/dolgov/files/ETA/oflc/pdfs/LCA_Disclosure_Data_FY2025_Q4.xlsx; https://www.dol.gov/agencies/eta/foreign-labor/performance,backend;platform;security;SRE;Java;AWS,Employer-level LCA evidence is not a promise that a particular requisition sponsors or transfers H-1B. FY2025-Q4 sample shows sponsorship but no change-employer positions; treat transfer as unconfirmed.,Insurance,16,13,0,Nationwide Insurance (16)
Northwestern Mutual,northwesternmutual.com,https://careers.northwesternmutual.com/,custom,https://careers.northwesternmutual.com/,medium-high,FY2025-Q4,DOL OFLC FY2025 Q4: 34 certified/certified-withdrawn LCA records matched to named legal employer(s); 32 had software/engineering/platform/security/cloud-like titles; CHANGE_EMPLOYER positions=2.,https://www.dol.gov/sites/dolgov/files/ETA/oflc/pdfs/LCA_Disclosure_Data_FY2025_Q4.xlsx; https://www.dol.gov/agencies/eta/foreign-labor/performance,backend;platform;security;SRE;Java;AWS,Employer-level LCA evidence is not a promise that a particular requisition sponsors or transfers H-1B. Exclude advisor/sales roles; target enterprise engineering organization only.,Insurance,34,32,2,Northwestern Mutual Life Insurance Company (34)
State Farm,statefarm.com,https://jobs.statefarm.com/main/jobs,custom,https://jobs.statefarm.com/main/jobs,medium,FY2025-Q4,DOL OFLC FY2025 Q4: 16 certified/certified-withdrawn LCA records matched to named legal employer(s); 16 had software/engineering/platform/security/cloud-like titles; CHANGE_EMPLOYER positions=0.,https://www.dol.gov/sites/dolgov/files/ETA/oflc/pdfs/LCA_Disclosure_Data_FY2025_Q4.xlsx; https://www.dol.gov/agencies/eta/foreign-labor/performance,backend;platform;security;SRE;Java;AWS,Employer-level LCA evidence is not a promise that a particular requisition sponsors or transfers H-1B. FY2025-Q4 sample shows sponsorship but no change-employer positions; treat transfer as unconfirmed.,Insurance,16,16,0,State Farm Mutual Automobile Insurance Company (16)
UnitedHealth Group / Optum,unitedhealthgroup.com,https://careers.unitedhealthgroup.com/job-search-results/,phenom,https://careers.unitedhealthgroup.com/job-search-results/,high,FY2025-Q4,DOL OFLC FY2025 Q4: 150 certified/certified-withdrawn LCA records matched to named legal employer(s); 136 had software/engineering/platform/security/cloud-like titles; CHANGE_EMPLOYER positions=12.,https://www.dol.gov/sites/dolgov/files/ETA/oflc/pdfs/LCA_Disclosure_Data_FY2025_Q4.xlsx; https://www.dol.gov/agencies/eta/foreign-labor/performance,backend;distributed-systems;platform;security;SRE;Java;AWS,Employer-level LCA evidence is not a promise that a particular requisition sponsors or transfers H-1B. Many listings are clinical/operations; retain Optum technology roles only.,Healthcare Technology,150,136,12,"Optum Services, Inc.  (142); Optum Care, Inc. (6); Optum Medical Group II (Rhodes), P.C. (2)"
CVS Health / Aetna,cvshealth.com,https://jobs.cvshealth.com/us/en/search-results,phenom,https://jobs.cvshealth.com/us/en/search-results,high,FY2025-Q4,DOL OFLC FY2025 Q4: 266 certified/certified-withdrawn LCA records matched to named legal employer(s); 230 had software/engineering/platform/security/cloud-like titles; CHANGE_EMPLOYER positions=68.,https://www.dol.gov/sites/dolgov/files/ETA/oflc/pdfs/LCA_Disclosure_Data_FY2025_Q4.xlsx; https://www.dol.gov/agencies/eta/foreign-labor/performance,backend;distributed-systems;platform;security;SRE;Java;AWS,Employer-level LCA evidence is not a promise that a particular requisition sponsors or transfers H-1B. Broad healthcare catalog; strict technology-title and description filters are essential.,Healthcare Technology,266,230,68,CVS Pharmacy Inc. (113); Aetna Resources LLC (74); CVS Shared Services Resources LLC (65); CVS Rx Services Inc. (10); Aetna Medicaid Administrators LLC (4)
The Cigna Group / Evernorth,thecignagroup.com,https://jobs.thecignagroup.com/us/en/search-results,phenom,https://jobs.thecignagroup.com/us/en/search-results,high,FY2025-Q4,DOL OFLC FY2025 Q4: 108 certified/certified-withdrawn LCA records matched to named legal employer(s); 93 had software/engineering/platform/security/cloud-like titles; CHANGE_EMPLOYER positions=5.,https://www.dol.gov/sites/dolgov/files/ETA/oflc/pdfs/LCA_Disclosure_Data_FY2025_Q4.xlsx; https://www.dol.gov/agencies/eta/foreign-labor/performance,backend;distributed-systems;platform;security;SRE;Java;AWS,Employer-level LCA evidence is not a promise that a particular requisition sponsors or transfers H-1B. Prefer Evernorth/Cigna technology roles; exclude clinical and sales openings.,Healthcare Technology,108,93,5,Cigna-Evernorth Services Inc. (101); Cigna Health and Life Insurance Company (7)
Humana,humana.com,https://humana.wd5.myworkdayjobs.com/Humana_External_Career_Site,workday,humana:wd5:Humana_External_Career_Site,high,FY2025-Q4,DOL OFLC FY2025 Q4: 78 certified/certified-withdrawn LCA records matched to named legal employer(s); 68 had software/engineering/platform/security/cloud-like titles; CHANGE_EMPLOYER positions=17.,https://www.dol.gov/sites/dolgov/files/ETA/oflc/pdfs/LCA_Disclosure_Data_FY2025_Q4.xlsx; https://www.dol.gov/agencies/eta/foreign-labor/performance,backend;platform;security;SRE;Java;AWS,Employer-level LCA evidence is not a promise that a particular requisition sponsors or transfers H-1B. Many jobs are clinical; filter to digital health/platform engineering.,Healthcare Technology,78,68,17,Humana Inc. (78)
Elevance Health,elevancehealth.com,https://careers.elevancehealth.com/,workday,elevancehealth:wd1:ANT,medium-high,FY2025-Q4,DOL OFLC FY2025 Q4: 113 certified/certified-withdrawn LCA records matched to named legal employer(s); 94 had software/engineering/platform/security/cloud-like titles; CHANGE_EMPLOYER positions=0.,https://www.dol.gov/sites/dolgov/files/ETA/oflc/pdfs/LCA_Disclosure_Data_FY2025_Q4.xlsx; https://www.dol.gov/agencies/eta/foreign-labor/performance,backend;distributed-systems;platform;security;SRE;Java;AWS,Employer-level LCA evidence is not a promise that a particular requisition sponsors or transfers H-1B. No change-employer positions in the quarter sample; sponsorship is current but transfer support is unconfirmed.,Healthcare Technology,113,94,0,"Elevance Health, Inc. (113)"
Centene,centene.com,https://jobs.centene.com/us/en/jobs/,custom,https://jobs.centene.com/us/en/jobs/,high,FY2025-Q4,DOL OFLC FY2025 Q4: 38 certified/certified-withdrawn LCA records matched to named legal employer(s); 35 had software/engineering/platform/security/cloud-like titles; CHANGE_EMPLOYER positions=4.,https://www.dol.gov/sites/dolgov/files/ETA/oflc/pdfs/LCA_Disclosure_Data_FY2025_Q4.xlsx; https://www.dol.gov/agencies/eta/foreign-labor/performance,backend;platform;security;SRE;Java;AWS,Employer-level LCA evidence is not a promise that a particular requisition sponsors or transfers H-1B. Large nonengineering catalog; retain digital/platform/security roles only.,Healthcare Technology,38,35,4,"Centene Management Company, LLC (35); Centene Management Company LLC (2); Centene Management Company, LLC. (1)"
Medtronic,medtronic.com,https://medtronic.wd1.myworkdayjobs.com/MedtronicCareers,workday,medtronic:wd1:MedtronicCareers,high,FY2025-Q4,DOL OFLC FY2025 Q4: 57 certified/certified-withdrawn LCA records matched to named legal employer(s); 46 had software/engineering/platform/security/cloud-like titles; CHANGE_EMPLOYER positions=10.,https://www.dol.gov/sites/dolgov/files/ETA/oflc/pdfs/LCA_Disclosure_Data_FY2025_Q4.xlsx; https://www.dol.gov/agencies/eta/foreign-labor/performance,backend;platform;security;SRE;cloud;distributed-systems,Employer-level LCA evidence is not a promise that a particular requisition sponsors or transfers H-1B. Many software jobs are embedded/medical-device roles; target cloud/platform backend subset.,Healthcare Technology,57,46,10,"Medtronic, Inc. (42); Medtronic, Inc.  (15)"
Intuitive Surgical,intuitive.com,https://careers.intuitive.com/en/jobs/,smartrecruiters,Intuitive,high,FY2025-Q4,DOL OFLC FY2025 Q4: 62 certified/certified-withdrawn LCA records matched to named legal employer(s); 47 had software/engineering/platform/security/cloud-like titles; CHANGE_EMPLOYER positions=14.,https://www.dol.gov/sites/dolgov/files/ETA/oflc/pdfs/LCA_Disclosure_Data_FY2025_Q4.xlsx; https://www.dol.gov/agencies/eta/foreign-labor/performance,backend;platform;security;SRE;cloud;distributed-systems,Employer-level LCA evidence is not a promise that a particular requisition sponsors or transfers H-1B. Robotics/embedded roles dominate; backend infrastructure is a smaller subset.,Healthcare Technology,62,47,14,"Intuitive Surgical Operations, Inc. (58); Intuitive Surgical, Inc. (4)"
Illumina,illumina.com,https://illumina.wd1.myworkdayjobs.com/illumina-careers,workday,illumina:wd1:illumina-careers,high,FY2025-Q4,DOL OFLC FY2025 Q4: 26 certified/certified-withdrawn LCA records matched to named legal employer(s); 20 had software/engineering/platform/security/cloud-like titles; CHANGE_EMPLOYER positions=4.,https://www.dol.gov/sites/dolgov/files/ETA/oflc/pdfs/LCA_Disclosure_Data_FY2025_Q4.xlsx; https://www.dol.gov/agencies/eta/foreign-labor/performance,backend;platform;security;SRE;cloud;distributed-systems,Employer-level LCA evidence is not a promise that a particular requisition sponsors or transfers H-1B. Life-sciences domain roles may require specialized experience; rank platform work higher.,Healthcare Technology,26,20,4,"Illumina, Inc. (26)"
Veeva Systems,veeva.com,https://careers.veeva.com/job-search-results/,custom,https://careers.veeva.com/job-search-results/,medium-high,FY2025-Q4,DOL OFLC FY2025 Q4: 33 certified/certified-withdrawn LCA records matched to named legal employer(s); 29 had software/engineering/platform/security/cloud-like titles; CHANGE_EMPLOYER positions=0.,https://www.dol.gov/sites/dolgov/files/ETA/oflc/pdfs/LCA_Disclosure_Data_FY2025_Q4.xlsx; https://www.dol.gov/agencies/eta/foreign-labor/performance,backend;distributed-systems;platform;security;SRE;Java;AWS,"Employer-level LCA evidence is not a promise that a particular requisition sponsors or transfers H-1B. Current sponsorship activity is clear, but the quarter sample has no change-employer positions.",Healthcare Technology,33,29,0,Veeva Systems Inc. (33)
Verizon,verizon.com,https://mycareer.verizon.com/jobs/,custom,https://mycareer.verizon.com/jobs/,high,FY2025-Q4,DOL OFLC FY2025 Q4: 82 certified/certified-withdrawn LCA records matched to named legal employer(s); 76 had software/engineering/platform/security/cloud-like titles; CHANGE_EMPLOYER positions=4.,https://www.dol.gov/sites/dolgov/files/ETA/oflc/pdfs/LCA_Disclosure_Data_FY2025_Q4.xlsx; https://www.dol.gov/agencies/eta/foreign-labor/performance,backend;distributed-systems;platform;network-security;SRE;Java;AWS,"Employer-level LCA evidence is not a promise that a particular requisition sponsors or transfers H-1B. Large nonsoftware catalog; retain network software, cloud platform, and security roles.",Telecom,82,76,4,Verizon Data Services LLC (67); Verizon Corporate Resources Group LLC (11);  VERIZON BUSINESS NETWORK SERVICES LLC (3); Verizon Services Corp. (1)
AT&T,att.com,https://www.att.jobs/search-jobs,phenom,https://www.att.jobs/search-jobs,high,FY2025-Q4,DOL OFLC FY2025 Q4: 125 certified/certified-withdrawn LCA records matched to named legal employer(s); 109 had software/engineering/platform/security/cloud-like titles; CHANGE_EMPLOYER positions=46.,https://www.dol.gov/sites/dolgov/files/ETA/oflc/pdfs/LCA_Disclosure_Data_FY2025_Q4.xlsx; https://www.dol.gov/agencies/eta/foreign-labor/performance,backend;distributed-systems;platform;network-security;SRE;Java;cloud,Employer-level LCA evidence is not a promise that a particular requisition sponsors or transfers H-1B. Many roles are field/retail; technology-title filtering is mandatory.,Telecom,125,109,46,"AT&T SERVICES, INC. (123); AT&T MOBILITY SERVICES, LLC (2)"
T-Mobile,t-mobile.com,https://careers.t-mobile.com/jobs,custom,https://careers.t-mobile.com/jobs,high,FY2025-Q4,DOL OFLC FY2025 Q4: 128 certified/certified-withdrawn LCA records matched to named legal employer(s); 108 had software/engineering/platform/security/cloud-like titles; CHANGE_EMPLOYER positions=39.,https://www.dol.gov/sites/dolgov/files/ETA/oflc/pdfs/LCA_Disclosure_Data_FY2025_Q4.xlsx; https://www.dol.gov/agencies/eta/foreign-labor/performance,backend;distributed-systems;platform;network-security;SRE;Java;AWS,Employer-level LCA evidence is not a promise that a particular requisition sponsors or transfers H-1B. Sponsorship and work location vary by team; check posting language.,Telecom,128,108,39,"T-Mobile USA, Inc. (128)"
Comcast,comcast.com,https://jobs.comcast.com/search-jobs,phenom,https://jobs.comcast.com/search-jobs,high,FY2025-Q4,DOL OFLC FY2025 Q4: 159 certified/certified-withdrawn LCA records matched to named legal employer(s); 151 had software/engineering/platform/security/cloud-like titles; CHANGE_EMPLOYER positions=8.,https://www.dol.gov/sites/dolgov/files/ETA/oflc/pdfs/LCA_Disclosure_Data_FY2025_Q4.xlsx; https://www.dol.gov/agencies/eta/foreign-labor/performance,backend;distributed-systems;platform;network-security;SRE;Java;AWS,Employer-level LCA evidence is not a promise that a particular requisition sponsors or transfers H-1B. Filter out customer operations and field jobs; platform engineering is strong fit.,Telecom,159,151,8,"Comcast Cable Communications, LLC (159)"
Charter Communications / Spectrum,spectrum.com,https://jobs.spectrum.com/search-jobs,phenom,https://jobs.spectrum.com/search-jobs,high,FY2025-Q4,DOL OFLC FY2025 Q4: 189 certified/certified-withdrawn LCA records matched to named legal employer(s); 169 had software/engineering/platform/security/cloud-like titles; CHANGE_EMPLOYER positions=4.,https://www.dol.gov/sites/dolgov/files/ETA/oflc/pdfs/LCA_Disclosure_Data_FY2025_Q4.xlsx; https://www.dol.gov/agencies/eta/foreign-labor/performance,backend;distributed-systems;platform;network-security;SRE;Java;cloud,Employer-level LCA evidence is not a promise that a particular requisition sponsors or transfers H-1B. Exact employer regex excludes schools and Standard Chartered false positives.,Telecom,189,169,4,"Charter Communications, Inc. (122); Charter Communications Inc.  (65); Charter Communications Inc. (1); Charter Communications, Inc (1)"
Nokia,nokia.com,https://jobs.nokia.com/en/sites/CX_1,oracle,jobs.nokia.com:CX_1,high,FY2025-Q4,DOL OFLC FY2025 Q4: 37 certified/certified-withdrawn LCA records matched to named legal employer(s); 37 had software/engineering/platform/security/cloud-like titles; CHANGE_EMPLOYER positions=10.,https://www.dol.gov/sites/dolgov/files/ETA/oflc/pdfs/LCA_Disclosure_Data_FY2025_Q4.xlsx; https://www.dol.gov/agencies/eta/foreign-labor/performance,backend;distributed-systems;platform;network-security;SRE;cloud,Employer-level LCA evidence is not a promise that a particular requisition sponsors or transfers H-1B. Telecom protocol expertise may be required; cloud platform/security roles fit best.,Telecom,37,37,10,Nokia of America Corporation (37)
NVIDIA,nvidia.com,https://nvidia.wd5.myworkdayjobs.com/NVIDIAExternalCareerSite,workday,nvidia:wd5:NVIDIAExternalCareerSite,high,FY2025-Q4,DOL OFLC FY2025 Q4: 470 certified/certified-withdrawn LCA records matched to named legal employer(s); 436 had software/engineering/platform/security/cloud-like titles; CHANGE_EMPLOYER positions=2058.,https://www.dol.gov/sites/dolgov/files/ETA/oflc/pdfs/LCA_Disclosure_Data_FY2025_Q4.xlsx; https://www.dol.gov/agencies/eta/foreign-labor/performance,distributed-systems;platform;security;SRE;cloud;systems,Employer-level LCA evidence is not a promise that a particular requisition sponsors or transfers H-1B. Many jobs are GPU/ML/C++; retain cloud infrastructure and backend services within level.,Semiconductors & Hardware,470,436,2058,NVIDIA Corporation (470)
Intel,intel.com,https://jobs.intel.com/en/search-jobs,phenom,https://jobs.intel.com/en/search-jobs,high,FY2025-Q4,DOL OFLC FY2025 Q4: 282 certified/certified-withdrawn LCA records matched to named legal employer(s); 276 had software/engineering/platform/security/cloud-like titles; CHANGE_EMPLOYER positions=6.,https://www.dol.gov/sites/dolgov/files/ETA/oflc/pdfs/LCA_Disclosure_Data_FY2025_Q4.xlsx; https://www.dol.gov/agencies/eta/foreign-labor/performance,distributed-systems;platform;security;SRE;cloud;systems,Employer-level LCA evidence is not a promise that a particular requisition sponsors or transfers H-1B. Embedded/silicon roles dominate; apply strict backend/platform filters.,Semiconductors & Hardware,282,276,6,Intel Corporation  (282)
AMD,amd.com,https://careers.amd.com/careers-home/jobs,custom,https://careers.amd.com/careers-home/jobs,high,FY2025-Q4,DOL OFLC FY2025 Q4: 125 certified/certified-withdrawn LCA records matched to named legal employer(s); 123 had software/engineering/platform/security/cloud-like titles; CHANGE_EMPLOYER positions=51.,https://www.dol.gov/sites/dolgov/files/ETA/oflc/pdfs/LCA_Disclosure_Data_FY2025_Q4.xlsx; https://www.dol.gov/agencies/eta/foreign-labor/performance,distributed-systems;platform;security;SRE;cloud;systems,Employer-level LCA evidence is not a promise that a particular requisition sponsors or transfers H-1B. Avoid Amdocs and other substring false positives; legal employer is exact.,Semiconductors & Hardware,125,123,51,"Advanced Micro Devices, Inc. (125)"
Cisco,cisco.com,https://careers.cisco.com/global/en,custom,https://careers.cisco.com/global/en,high,FY2025-Q4,DOL OFLC FY2025 Q4: 196 certified/certified-withdrawn LCA records matched to named legal employer(s); 178 had software/engineering/platform/security/cloud-like titles; CHANGE_EMPLOYER positions=380.,https://www.dol.gov/sites/dolgov/files/ETA/oflc/pdfs/LCA_Disclosure_Data_FY2025_Q4.xlsx; https://www.dol.gov/agencies/eta/foreign-labor/performance,backend;distributed-systems;platform;network-security;SRE;Java;cloud,Employer-level LCA evidence is not a promise that a particular requisition sponsors or transfers H-1B. Prioritize cloud/security/platform software over hardware-specialist roles.,Semiconductors & Hardware,196,178,380,"Cisco Systems, Inc. (196)"
Broadcom,broadcom.com,https://broadcom.wd1.myworkdayjobs.com/External_Career,workday,broadcom:wd1:External_Career,high,FY2025-Q4,DOL OFLC FY2025 Q4: 22 certified/certified-withdrawn LCA records matched to named legal employer(s); 22 had software/engineering/platform/security/cloud-like titles; CHANGE_EMPLOYER positions=13.,https://www.dol.gov/sites/dolgov/files/ETA/oflc/pdfs/LCA_Disclosure_Data_FY2025_Q4.xlsx; https://www.dol.gov/agencies/eta/foreign-labor/performance,distributed-systems;platform;security;SRE;cloud;systems,Employer-level LCA evidence is not a promise that a particular requisition sponsors or transfers H-1B. VMware-related roles may appear under separate legal entities not counted here.,Semiconductors & Hardware,22,22,13,Broadcom Corporation (22)
Marvell,marvell.com,https://marvell.wd1.myworkdayjobs.com/MarvellCareers,workday,marvell:wd1:MarvellCareers,high,FY2025-Q4,DOL OFLC FY2025 Q4: 49 certified/certified-withdrawn LCA records matched to named legal employer(s); 47 had software/engineering/platform/security/cloud-like titles; CHANGE_EMPLOYER positions=16.,https://www.dol.gov/sites/dolgov/files/ETA/oflc/pdfs/LCA_Disclosure_Data_FY2025_Q4.xlsx; https://www.dol.gov/agencies/eta/foreign-labor/performance,distributed-systems;platform;security;SRE;cloud;systems,Employer-level LCA evidence is not a promise that a particular requisition sponsors or transfers H-1B. Most jobs are silicon/firmware; backend infrastructure is a narrower subset.,Semiconductors & Hardware,49,47,16,"Marvell Semiconductor, Inc.  (27); Marvell Semiconductor, Inc. (22)"
Micron Technology,micron.com,https://careers.micron.com/careers,eightfold,careers.micron.com,high,FY2025-Q4,DOL OFLC FY2025 Q4: 91 certified/certified-withdrawn LCA records matched to named legal employer(s); 81 had software/engineering/platform/security/cloud-like titles; CHANGE_EMPLOYER positions=20.,https://www.dol.gov/sites/dolgov/files/ETA/oflc/pdfs/LCA_Disclosure_Data_FY2025_Q4.xlsx; https://www.dol.gov/agencies/eta/foreign-labor/performance,distributed-systems;platform;security;SRE;cloud;systems,"Employer-level LCA evidence is not a promise that a particular requisition sponsors or transfers H-1B. Manufacturing/firmware jobs dominate; target IT platform, cloud, and security.",Semiconductors & Hardware,91,81,20,"Micron Technology, Inc. (81); Micron Idaho Semiconductor Manufacturing (Triton) LLC (6); Micron Semiconductor Products, Inc. (4)"
Applied Materials,appliedmaterials.com,https://amat.wd1.myworkdayjobs.com/External,workday,amat:wd1:External,high,FY2025-Q4,DOL OFLC FY2025 Q4: 53 certified/certified-withdrawn LCA records matched to named legal employer(s); 45 had software/engineering/platform/security/cloud-like titles; CHANGE_EMPLOYER positions=15.,https://www.dol.gov/sites/dolgov/files/ETA/oflc/pdfs/LCA_Disclosure_Data_FY2025_Q4.xlsx; https://www.dol.gov/agencies/eta/foreign-labor/performance,distributed-systems;platform;security;SRE;cloud;systems,Employer-level LCA evidence is not a promise that a particular requisition sponsors or transfers H-1B. Many jobs require semiconductor process expertise; software platform roles are subset.,Semiconductors & Hardware,53,45,15,"Applied Materials, Inc (36); Applied Materials, Inc. (17)"
Lam Research,lamresearch.com,https://lamresearch.wd1.myworkdayjobs.com/Lam_External,workday,lamresearch:wd1:Lam_External,high,FY2025-Q4,DOL OFLC FY2025 Q4: 22 certified/certified-withdrawn LCA records matched to named legal employer(s); 20 had software/engineering/platform/security/cloud-like titles; CHANGE_EMPLOYER positions=10.,https://www.dol.gov/sites/dolgov/files/ETA/oflc/pdfs/LCA_Disclosure_Data_FY2025_Q4.xlsx; https://www.dol.gov/agencies/eta/foreign-labor/performance,distributed-systems;platform;security;SRE;cloud;systems,Employer-level LCA evidence is not a promise that a particular requisition sponsors or transfers H-1B. Software openings may be equipment/embedded focused; filter carefully.,Semiconductors & Hardware,22,20,10,Lam Research Corporation  (22)
KLA,kla.com,https://kla.wd1.myworkdayjobs.com/Search,workday,kla:wd1:Search,high,FY2025-Q4,DOL OFLC FY2025 Q4: 42 certified/certified-withdrawn LCA records matched to named legal employer(s); 39 had software/engineering/platform/security/cloud-like titles; CHANGE_EMPLOYER positions=21.,https://www.dol.gov/sites/dolgov/files/ETA/oflc/pdfs/LCA_Disclosure_Data_FY2025_Q4.xlsx; https://www.dol.gov/agencies/eta/foreign-labor/performance,distributed-systems;platform;security;SRE;cloud;systems,Employer-level LCA evidence is not a promise that a particular requisition sponsors or transfers H-1B. Exact employer avoids universities and unrelated KLA substring matches.,Semiconductors & Hardware,42,39,21,KLA Corporation (42)
Synopsys,synopsys.com,https://careers.synopsys.com/search-jobs,phenom,https://careers.synopsys.com/search-jobs,medium,FY2025-Q4,DOL OFLC FY2025 Q4: 14 certified/certified-withdrawn LCA records matched to named legal employer(s); 14 had software/engineering/platform/security/cloud-like titles; CHANGE_EMPLOYER positions=166.,https://www.dol.gov/sites/dolgov/files/ETA/oflc/pdfs/LCA_Disclosure_Data_FY2025_Q4.xlsx; https://www.dol.gov/agencies/eta/foreign-labor/performance,distributed-systems;platform;security;SRE;cloud;systems,Employer-level LCA evidence is not a promise that a particular requisition sponsors or transfers H-1B. Small record count includes multi-position transfers; EDA roles often need C++/domain expertise.,Semiconductors & Hardware,14,14,166,"Synopsys, Inc. (10); SYNOPSYS, INC. (4)"
Cadence Design Systems,cadence.com,https://cadence.wd1.myworkdayjobs.com/External_Careers,workday,cadence:wd1:External_Careers,high,FY2025-Q4,DOL OFLC FY2025 Q4: 54 certified/certified-withdrawn LCA records matched to named legal employer(s); 52 had software/engineering/platform/security/cloud-like titles; CHANGE_EMPLOYER positions=14.,https://www.dol.gov/sites/dolgov/files/ETA/oflc/pdfs/LCA_Disclosure_Data_FY2025_Q4.xlsx; https://www.dol.gov/agencies/eta/foreign-labor/performance,distributed-systems;platform;security;SRE;cloud;systems,Employer-level LCA evidence is not a promise that a particular requisition sponsors or transfers H-1B. EDA product roles may be specialized; cloud platform/backend openings are closer fits.,Semiconductors & Hardware,54,52,14,"Cadence Design Systems, Inc. (54)"
Arm,arm.com,https://careers.arm.com/search-jobs,phenom,https://careers.arm.com/search-jobs,high,FY2025-Q4,DOL OFLC FY2025 Q4: 44 certified/certified-withdrawn LCA records matched to named legal employer(s); 42 had software/engineering/platform/security/cloud-like titles; CHANGE_EMPLOYER positions=21.,https://www.dol.gov/sites/dolgov/files/ETA/oflc/pdfs/LCA_Disclosure_Data_FY2025_Q4.xlsx; https://www.dol.gov/agencies/eta/foreign-labor/performance,distributed-systems;platform;security;SRE;cloud;systems,Employer-level LCA evidence is not a promise that a particular requisition sponsors or transfers H-1B. Many roles are architecture/firmware; exact legal match avoids generic 'arm' false positives.,Semiconductors & Hardware,44,42,21,"Arm, Inc. (44)"
Western Digital,westerndigital.com,https://jobs.smartrecruiters.com/WesternDigital,smartrecruiters,WesternDigital,high,FY2025-Q4,DOL OFLC FY2025 Q4: 77 certified/certified-withdrawn LCA records matched to named legal employer(s); 74 had software/engineering/platform/security/cloud-like titles; CHANGE_EMPLOYER positions=177.,https://www.dol.gov/sites/dolgov/files/ETA/oflc/pdfs/LCA_Disclosure_Data_FY2025_Q4.xlsx; https://www.dol.gov/agencies/eta/foreign-labor/performance,distributed-systems;platform;security;SRE;cloud;systems,"Employer-level LCA evidence is not a promise that a particular requisition sponsors or transfers H-1B. Storage/firmware work dominates; target cloud services, security, and infrastructure.",Semiconductors & Hardware,77,74,177,"Western Digital Technologies, Inc. (77)"
Hewlett Packard Enterprise,hpe.com,https://careers.hpe.com/us/en/search-results,phenom,https://careers.hpe.com/us/en/search-results,high,FY2025-Q4,DOL OFLC FY2025 Q4: 85 certified/certified-withdrawn LCA records matched to named legal employer(s); 79 had software/engineering/platform/security/cloud-like titles; CHANGE_EMPLOYER positions=6.,https://www.dol.gov/sites/dolgov/files/ETA/oflc/pdfs/LCA_Disclosure_Data_FY2025_Q4.xlsx; https://www.dol.gov/agencies/eta/foreign-labor/performance,backend;distributed-systems;platform;security;SRE;Java;cloud,Employer-level LCA evidence is not a promise that a particular requisition sponsors or transfers H-1B. Do not conflate with HP Inc.; this row covers HPE legal entity/activity.,Semiconductors & Hardware,85,79,6,Hewlett Packard Enterprise Company (85)
Dell Technologies,dell.com,https://enterpriseplatform.dell.com/hcmUI/CandidateExperience/en/sites/careers/jobs,oracle,enterpriseplatform.dell.com:careers,high,FY2025-Q4,DOL OFLC FY2025 Q4: 135 certified/certified-withdrawn LCA records matched to named legal employer(s); 88 had software/engineering/platform/security/cloud-like titles; CHANGE_EMPLOYER positions=6.,https://www.dol.gov/sites/dolgov/files/ETA/oflc/pdfs/LCA_Disclosure_Data_FY2025_Q4.xlsx; https://www.dol.gov/agencies/eta/foreign-labor/performance,backend;distributed-systems;platform;security;SRE;Java;cloud,Employer-level LCA evidence is not a promise that a particular requisition sponsors or transfers H-1B. Exact legal entities exclude schools and unrelated Dell substring matches.,Semiconductors & Hardware,135,88,6,Dell Products L.P. (58); Dell USA L.P. (54); Dell Marketing L.P. (23)
Uber,uber.com,https://www.uber.com/us/en/careers/list/,custom,https://www.uber.com/us/en/careers/list/,high,FY2025-Q4,DOL OFLC FY2025 Q4: 182 certified/certified-withdrawn LCA records matched to named legal employer(s); 124 had software/engineering/platform/security/cloud-like titles; CHANGE_EMPLOYER positions=64.,https://www.dol.gov/sites/dolgov/files/ETA/oflc/pdfs/LCA_Disclosure_Data_FY2025_Q4.xlsx; https://www.dol.gov/agencies/eta/foreign-labor/performance,backend;distributed-systems;platform;security;SRE;Java;Kafka;AWS,"Employer-level LCA evidence is not a promise that a particular requisition sponsors or transfers H-1B. Strong distributed-systems fit; many roles are senior, so enforce scope/YOE.",Autonomy & Transportation,182,124,64,"Uber Technologies, Inc. (146); Uber Freight US LLC (36)"
Lyft,lyft.com,https://www.lyft.com/careers,greenhouse,lyft,high,FY2025-Q4,DOL OFLC FY2025 Q4: 26 certified/certified-withdrawn LCA records matched to named legal employer(s); 18 had software/engineering/platform/security/cloud-like titles; CHANGE_EMPLOYER positions=14.,https://www.dol.gov/sites/dolgov/files/ETA/oflc/pdfs/LCA_Disclosure_Data_FY2025_Q4.xlsx; https://www.dol.gov/agencies/eta/foreign-labor/performance,backend;distributed-systems;platform;security;SRE;cloud,Employer-level LCA evidence is not a promise that a particular requisition sponsors or transfers H-1B. Smaller opening volume; verify role is still live and in target level.,Autonomy & Transportation,26,18,14,"LYFT, Inc. (26)"
Waymo,waymo.com,https://careers.withwaymo.com/jobs/search,eightfold,careers.withwaymo.com,high,FY2025-Q4,DOL OFLC FY2025 Q4: 41 certified/certified-withdrawn LCA records matched to named legal employer(s); 38 had software/engineering/platform/security/cloud-like titles; CHANGE_EMPLOYER positions=14.,https://www.dol.gov/sites/dolgov/files/ETA/oflc/pdfs/LCA_Disclosure_Data_FY2025_Q4.xlsx; https://www.dol.gov/agencies/eta/foreign-labor/performance,backend;distributed-systems;platform;security;SRE;cloud,Employer-level LCA evidence is not a promise that a particular requisition sponsors or transfers H-1B. Autonomy/ML/C++ dominates; backend platform and infrastructure are the relevant subset.,Autonomy & Transportation,41,38,14,Waymo LLC (41)
Zoox,zoox.com,https://jobs.lever.co/zoox,lever,zoox,high,FY2025-Q4,DOL OFLC FY2025 Q4: 53 certified/certified-withdrawn LCA records matched to named legal employer(s); 49 had software/engineering/platform/security/cloud-like titles; CHANGE_EMPLOYER positions=10.,https://www.dol.gov/sites/dolgov/files/ETA/oflc/pdfs/LCA_Disclosure_Data_FY2025_Q4.xlsx; https://www.dol.gov/agencies/eta/foreign-labor/performance,backend;distributed-systems;platform;security;SRE;cloud,Employer-level LCA evidence is not a promise that a particular requisition sponsors or transfers H-1B. Many jobs are robotics/embedded or staff-level; retain backend infra only.,Autonomy & Transportation,53,49,10,"Zoox, Inc. (34); Zoox Inc. (19)"
Rivian,rivian.com,https://careers.rivian.com/careers-home/jobs,custom,https://careers.rivian.com/careers-home/jobs,high,FY2025-Q4,DOL OFLC FY2025 Q4: 152 certified/certified-withdrawn LCA records matched to named legal employer(s); 138 had software/engineering/platform/security/cloud-like titles; CHANGE_EMPLOYER positions=56.,https://www.dol.gov/sites/dolgov/files/ETA/oflc/pdfs/LCA_Disclosure_Data_FY2025_Q4.xlsx; https://www.dol.gov/agencies/eta/foreign-labor/performance,backend;distributed-systems;platform;security;SRE;cloud,Employer-level LCA evidence is not a promise that a particular requisition sponsors or transfers H-1B. Manufacturing/vehicle roles are the majority; filter to software platform and cloud.,Autonomy & Transportation,152,138,56,"Rivian Automotive, LLC (74); RIVIAN AUTOMOTIVE, LLC (42); Rivian and VW Group Technology, LLC (20); Rivian and Volkswagen Group Technologies, LLC (9); RIVIAN, LLC (4); Rivian LLC (2); Rivian, LLC (1)"
Tesla,tesla.com,https://www.tesla.com/careers/search/,custom,https://www.tesla.com/careers/search/,high,FY2025-Q4,DOL OFLC FY2025 Q4: 357 certified/certified-withdrawn LCA records matched to named legal employer(s); 325 had software/engineering/platform/security/cloud-like titles; CHANGE_EMPLOYER positions=60.,https://www.dol.gov/sites/dolgov/files/ETA/oflc/pdfs/LCA_Disclosure_Data_FY2025_Q4.xlsx; https://www.dol.gov/agencies/eta/foreign-labor/performance,backend;distributed-systems;platform;security;SRE;cloud,Employer-level LCA evidence is not a promise that a particular requisition sponsors or transfers H-1B. Employer-level activity is strong; individual postings may explicitly restrict sponsorship.,Autonomy & Transportation,357,325,60,"Tesla, Inc. (357)"
Aurora Innovation,aurora.tech,https://aurora.tech/careers/,custom,https://aurora.tech/careers/,medium,FY2025-Q4,DOL OFLC FY2025 Q4: 6 certified/certified-withdrawn LCA records matched to named legal employer(s); 6 had software/engineering/platform/security/cloud-like titles; CHANGE_EMPLOYER positions=4.,https://www.dol.gov/sites/dolgov/files/ETA/oflc/pdfs/LCA_Disclosure_Data_FY2025_Q4.xlsx; https://www.dol.gov/agencies/eta/foreign-labor/performance,backend;distributed-systems;platform;security;SRE;cloud,Employer-level LCA evidence is not a promise that a particular requisition sponsors or transfers H-1B. Small current LCA sample; autonomy roles skew C++/ML and transfer must be confirmed.,Autonomy & Transportation,6,6,4,"Aurora Innovation, Inc. (4); AURORA INNOVATION, INC. (2)"
General Motors,gm.com,https://search-careers.gm.com/en/jobs/,phenom,https://search-careers.gm.com/en/jobs/,high,FY2025-Q4,DOL OFLC FY2025 Q4: 188 certified/certified-withdrawn LCA records matched to named legal employer(s); 184 had software/engineering/platform/security/cloud-like titles; CHANGE_EMPLOYER positions=61.,https://www.dol.gov/sites/dolgov/files/ETA/oflc/pdfs/LCA_Disclosure_Data_FY2025_Q4.xlsx; https://www.dol.gov/agencies/eta/foreign-labor/performance,backend;distributed-systems;platform;security;SRE;cloud,Employer-level LCA evidence is not a promise that a particular requisition sponsors or transfers H-1B. Large manufacturing catalog; target software-defined vehicle/cloud platform teams.,Autonomy & Transportation,188,184,61,General Motors (188)
Ford,ford.com,https://efds.fa.em5.oraclecloud.com/hcmUI/CandidateExperience/en/sites/CX_1/jobs,oracle,efds.fa.em5.oraclecloud.com:CX_1,high,FY2025-Q4,DOL OFLC FY2025 Q4: 184 certified/certified-withdrawn LCA records matched to named legal employer(s); 169 had software/engineering/platform/security/cloud-like titles; CHANGE_EMPLOYER positions=27.,https://www.dol.gov/sites/dolgov/files/ETA/oflc/pdfs/LCA_Disclosure_Data_FY2025_Q4.xlsx; https://www.dol.gov/agencies/eta/foreign-labor/performance,backend;distributed-systems;platform;security;SRE;cloud,Employer-level LCA evidence is not a promise that a particular requisition sponsors or transfers H-1B. Large manufacturing catalog; exact legal match excludes Stanford/Henry Ford false positives.,Autonomy & Transportation,184,169,27,FORD MOTOR COMPANY (184)
Airbnb,airbnb.com,https://careers.airbnb.com/positions/,greenhouse,airbnb,high,FY2025-Q4,DOL OFLC FY2025 Q4: 50 certified/certified-withdrawn LCA records matched to named legal employer(s); 41 had software/engineering/platform/security/cloud-like titles; CHANGE_EMPLOYER positions=17.,https://www.dol.gov/sites/dolgov/files/ETA/oflc/pdfs/LCA_Disclosure_Data_FY2025_Q4.xlsx; https://www.dol.gov/agencies/eta/foreign-labor/performance,backend;distributed-systems;platform;security;SRE;Java;cloud,Employer-level LCA evidence is not a promise that a particular requisition sponsors or transfers H-1B. Many roles are senior; accept only target-scope IC postings.,"Retail, Marketplaces & Logistics",50,41,17,"AIRBNB, INC. (50)"
DoorDash,doordash.com,https://careersatdoordash.com/jobs/,greenhouse,doordashusa,high,FY2025-Q4,DOL OFLC FY2025 Q4: 108 certified/certified-withdrawn LCA records matched to named legal employer(s); 73 had software/engineering/platform/security/cloud-like titles; CHANGE_EMPLOYER positions=53.,https://www.dol.gov/sites/dolgov/files/ETA/oflc/pdfs/LCA_Disclosure_Data_FY2025_Q4.xlsx; https://www.dol.gov/agencies/eta/foreign-labor/performance,backend;distributed-systems;platform;security;SRE;Java;Kafka;AWS,Employer-level LCA evidence is not a promise that a particular requisition sponsors or transfers H-1B. Strong distributed-systems fit; location and leveling vary by team.,"Retail, Marketplaces & Logistics",108,73,53,"DoorDash, Inc. (108)"
Target,target.com,https://corporate.target.com/careers/job-search,custom,https://corporate.target.com/careers/job-search,medium-high,FY2025-Q4,DOL OFLC FY2025 Q4: 58 certified/certified-withdrawn LCA records matched to named legal employer(s); 44 had software/engineering/platform/security/cloud-like titles; CHANGE_EMPLOYER positions=2.,https://www.dol.gov/sites/dolgov/files/ETA/oflc/pdfs/LCA_Disclosure_Data_FY2025_Q4.xlsx; https://www.dol.gov/agencies/eta/foreign-labor/performance,backend;distributed-systems;platform;security;SRE;Java;AWS,Employer-level LCA evidence is not a promise that a particular requisition sponsors or transfers H-1B. Huge nontech catalog and only limited change-employer evidence; target Global Tech.,"Retail, Marketplaces & Logistics",58,44,2,"Target Enterprise, Inc. (52); Target Enterprise, Inc.  (6)"
The Home Depot,homedepot.com,https://careers.homedepot.com/job-search-results/,custom,https://careers.homedepot.com/job-search-results/,high,FY2025-Q4,DOL OFLC FY2025 Q4: 75 certified/certified-withdrawn LCA records matched to named legal employer(s); 45 had software/engineering/platform/security/cloud-like titles; CHANGE_EMPLOYER positions=13.,https://www.dol.gov/sites/dolgov/files/ETA/oflc/pdfs/LCA_Disclosure_Data_FY2025_Q4.xlsx; https://www.dol.gov/agencies/eta/foreign-labor/performance,backend;distributed-systems;platform;security;SRE;Java;cloud,Employer-level LCA evidence is not a promise that a particular requisition sponsors or transfers H-1B. Sponsorship varies by corporate technology team; exclude store/field roles.,"Retail, Marketplaces & Logistics",75,45,13,"Home Depot Management Company LLC (70); HOME DEPOT USA, INC.  (4); Home Depot USA, Inc. (1)"
Lowe's,lowes.com,https://talent.lowes.com/us/en/search-results,phenom,https://talent.lowes.com/us/en/search-results,medium-high,FY2025-Q4,DOL OFLC FY2025 Q4: 85 certified/certified-withdrawn LCA records matched to named legal employer(s); 84 had software/engineering/platform/security/cloud-like titles; CHANGE_EMPLOYER positions=1.,https://www.dol.gov/sites/dolgov/files/ETA/oflc/pdfs/LCA_Disclosure_Data_FY2025_Q4.xlsx; https://www.dol.gov/agencies/eta/foreign-labor/performance,backend;distributed-systems;platform;security;SRE;Java;cloud,Employer-level LCA evidence is not a promise that a particular requisition sponsors or transfers H-1B. Exact legal match excludes Lowell/lower false positives; target Lowe's Tech.,"Retail, Marketplaces & Logistics",85,84,1,"Lowe's Companies, Inc. (85)"
Costco Wholesale,costco.com,https://phf.tbe.taleo.net/phf02/ats/careers/v2/searchResults?org=COSTCO&cws=41,taleo,COSTCO:cws=41,high,FY2025-Q4,DOL OFLC FY2025 Q4: 37 certified/certified-withdrawn LCA records matched to named legal employer(s); 37 had software/engineering/platform/security/cloud-like titles; CHANGE_EMPLOYER positions=9.,https://www.dol.gov/sites/dolgov/files/ETA/oflc/pdfs/LCA_Disclosure_Data_FY2025_Q4.xlsx; https://www.dol.gov/agencies/eta/foreign-labor/performance,backend;distributed-systems;platform;security;SRE;Java;cloud,Employer-level LCA evidence is not a promise that a particular requisition sponsors or transfers H-1B. Corporate IT openings are fewer than store jobs; current transfer evidence is meaningful but role-specific.,"Retail, Marketplaces & Logistics",37,37,9,Costco Wholesale Corporation (37)
Nike,nike.com,https://careers.nike.com/jobs,custom,https://careers.nike.com/jobs,high,FY2025-Q4,DOL OFLC FY2025 Q4: 66 certified/certified-withdrawn LCA records matched to named legal employer(s); 53 had software/engineering/platform/security/cloud-like titles; CHANGE_EMPLOYER positions=5.,https://www.dol.gov/sites/dolgov/files/ETA/oflc/pdfs/LCA_Disclosure_Data_FY2025_Q4.xlsx; https://www.dol.gov/agencies/eta/foreign-labor/performance,backend;distributed-systems;platform;security;SRE;Java;cloud,Employer-level LCA evidence is not a promise that a particular requisition sponsors or transfers H-1B. Digital/platform roles are a subset of retail/design catalog.,"Retail, Marketplaces & Logistics",66,53,5,"NIKE, Inc. (50); NIKE USA Inc. (8); NIKE RETAIL SERVICES INC (8)"
Starbucks,starbucks.com,https://apply.starbucks.com/careers,eightfold,apply.starbucks.com,high,FY2025-Q4,DOL OFLC FY2025 Q4: 69 certified/certified-withdrawn LCA records matched to named legal employer(s); 63 had software/engineering/platform/security/cloud-like titles; CHANGE_EMPLOYER positions=11.,https://www.dol.gov/sites/dolgov/files/ETA/oflc/pdfs/LCA_Disclosure_Data_FY2025_Q4.xlsx; https://www.dol.gov/agencies/eta/foreign-labor/performance,backend;distributed-systems;platform;security;SRE;Java;cloud,Employer-level LCA evidence is not a promise that a particular requisition sponsors or transfers H-1B. Corporate technology roles are a small subset; filter out store positions.,"Retail, Marketplaces & Logistics",69,63,11,Starbucks Coffee Company (69)
Chewy,chewy.com,https://careers.chewy.com/us/en/search-results,phenom,https://careers.chewy.com/us/en/search-results,high,FY2025-Q4,DOL OFLC FY2025 Q4: 40 certified/certified-withdrawn LCA records matched to named legal employer(s); 25 had software/engineering/platform/security/cloud-like titles; CHANGE_EMPLOYER positions=8.,https://www.dol.gov/sites/dolgov/files/ETA/oflc/pdfs/LCA_Disclosure_Data_FY2025_Q4.xlsx; https://www.dol.gov/agencies/eta/foreign-labor/performance,backend;distributed-systems;platform;security;SRE;Java;AWS,Employer-level LCA evidence is not a promise that a particular requisition sponsors or transfers H-1B. Fulfillment/operations roles are numerous; target Boston/Seattle/e-commerce engineering.,"Retail, Marketplaces & Logistics",40,25,8,"Chewy, Inc. (40)"
eBay,ebayinc.com,https://jobs.ebayinc.com/us/en/search-results,phenom,https://jobs.ebayinc.com/us/en/search-results,high,FY2025-Q4,DOL OFLC FY2025 Q4: 119 certified/certified-withdrawn LCA records matched to named legal employer(s); 88 had software/engineering/platform/security/cloud-like titles; CHANGE_EMPLOYER positions=25.,https://www.dol.gov/sites/dolgov/files/ETA/oflc/pdfs/LCA_Disclosure_Data_FY2025_Q4.xlsx; https://www.dol.gov/agencies/eta/foreign-labor/performance,backend;distributed-systems;platform;security;SRE;Java;cloud,Employer-level LCA evidence is not a promise that a particular requisition sponsors or transfers H-1B. Strong marketplace fit; verify level because many postings skew senior.,"Retail, Marketplaces & Logistics",119,88,25,eBay Inc. (118); eBay Commerce Inc. (1)
